time(millisecond),latitude,longitude,height_above_takeoff(feet),height_sonar(feet),compass_heading(degrees),roll(degrees),battery_percent,voltageCell1
182900,12.8566547921456,100.973109462191,0,0.656168,301.8,1.9,88,4.222
183000,12.8566547911636,100.973109458685,0,0.656168,301.8,1.9,88,4.222
183100,12.8566547887959,100.973109456616,0,0.328084,301.8,1.9,88,4.222
183200,12.8566547865405,100.973109455271,0,0.328084,301.8,1.9,88,4.222
183300,12.8566547893626,100.973109466203,0,0.328084,301.8,1.9,88,4.222
183400,12.8566547434323,100.973109511136,0,0.328084,301.8,1.9,88,4.222
183500,12.8566546897246,100.973109563074,0,0.328084,301.8,1.9,88,4.222
183600,12.8566546717303,100.973109580002,0,0.328084,301.8,1.9,88,4.222
183700,12.8566546537018,100.97310959676,0,0.328084,301.8,1.9,88,4.222
183800,12.8566545789692,100.973109675287,0,0.328084,301.8,1.9,88,4.222
183900,12.8566545800912,100.973109673354,0,0.328084,301.8,1.9,88,4.222
184000,12.8566545755674,100.973109676478,0,0.328084,301.8,1.9,88,4.222
184100,12.8566545880348,100.973109664101,0,0.328084,301.8,1.9,88,4.222
184200,12.8566546585024,100.973109605046,0,0.328084,301.8,1.9,88,4.207
184300,12.856654663904,100.973109601725,0,0.328084,302.1,1.9,88,4.207
184400,12.8566546696133,100.973109598759,0,0.328084,302.3,1.9,88,4.207
184500,12.8566546773842,100.973109600231,0,0.328084,302.4,1.8,88,4.207
184600,12.856654715042,100.973109589036,0,0.328084,302.2,0.5,88,4.207
184700,12.85665476036,100.973109594528,0,0.328084,302.3,-0.3,88,4.207
184800,12.8566548159339,100.973109588759,0,0.328084,302,0,88,4.207
184900,12.8566548662072,100.973109575152,0,0.656168,302.1,-0.3,88,4.207
185000,12.8566548921858,100.973109643385,0.328084,0.656168,302.1,-0.2,88,4.207
185100,12.8566549196006,100.973109682264,0.328084,0.984252,302.1,-0.3,88,4.207
185200,12.8566549614305,100.973109712906,0.656168,0.984252,302.1,-0.5,88,4.207
185300,12.856655006851,100.973109717743,0.984252,1.312336,302.1,-0.4,88,4.165
185400,12.8566550389232,100.973109722339,1.312336,1.64042,302.1,-0.3,88,4.165
185500,12.8566551089496,100.973109702743,1.64042,1.968504,302.1,-0.4,88,4.165
185600,12.8566550754997,100.97310971657,1.968504,2.296588,302.1,-0.5,88,4.165
185700,12.8566550329094,100.973109732743,2.296588,2.624672,302.2,-0.4,88,4.165
185800,12.8566550766657,100.973109746456,2.624672,2.952756,302.1,-0.3,88,4.165
185900,12.8566551477456,100.973109761671,2.624672,3.28084,301.9,-0.2,88,4.165
186000,12.8566551059874,100.973109776816,2.952756,3.608924,301.8,-0.1,88,4.165
186100,12.8566550251824,100.973109787224,3.28084,3.608924,301.8,0,88,4.165
186200,12.856654960004,100.973109791605,3.28084,3.937008,301.8,-0.1,88,4.165
186300,12.856654833552,100.973109725498,3.28084,3.937008,301.9,0,88,4.157
186400,12.8566549218967,100.973109665731,3.28084,3.937008,301.9,-0.1,88,4.157
186500,12.856655035751,100.973109568803,3.28084,3.937008,301.8,0,88,4.157
186600,12.8566551176373,100.973109465091,3.28084,3.937008,301.8,-0.1,88,4.157
186700,12.856655368478,100.973109395448,3.28084,3.937008,301.8,-0.3,88,4.157
186800,12.8566554790737,100.973109196859,3.28084,3.937008,301.8,-0.4,88,4.157
186900,12.8566556121437,100.973108924317,3.28084,3.937008,301.8,-0.4,88,4.157
187000,12.8566558943286,100.973108495063,3.28084,3.937008,301.8,-0.5,88,4.157
187100,12.8566563449793,100.973107824115,3.28084,3.937008,301.7,-0.5,88,4.157
187200,12.8566569069521,100.97310686761,3.28084,3.937008,301.7,-0.6,88,4.157
187300,12.8566576194435,100.973105721727,3.28084,3.937008,301.7,-0.6,88,4.161
187400,12.8566584104749,100.973104403103,3.28084,3.937008,301.7,-0.4,88,4.161
187500,12.8566593464165,100.973102839468,3.28084,3.937008,301.7,-0.7,88,4.161
187600,12.8566605692526,100.973100651395,3.28084,3.937008,301.8,-0.4,88,4.161
187700,12.8566616977415,100.973098754713,3.28084,3.937008,301.5,-0.6,88,4.161
187800,12.8566626874332,100.973097131052,2.952756,3.937008,301.4,-0.7,88,4.161
187900,12.8566635567943,100.973095726045,2.952756,3.937008,301.2,-0.8,88,4.161
188000,12.8566641969454,100.973094659251,2.952756,3.937008,301.6,-2.3,88,4.161
188100,12.8566642322387,100.97309438217,3.28084,3.937008,301.2,-11.2,88,4.161
188200,12.8566641162129,100.973094170397,3.28084,3.937008,302.2,-0.7,88,4.161
188300,12.8566641947324,100.973093712861,3.28084,3.937008,302,1.6,88,4.156
188400,12.8566640681192,100.973093745554,3.28084,3.937008,301.9,1.6,88,4.156
188500,12.856664239609,100.973093218005,3.28084,3.937008,301.2,1.4,88,4.156
188600,12.8566643330654,100.97309287502,3.28084,3.937008,301.6,1,88,4.156
188700,12.8566642245467,100.973092948881,3.28084,3.937008,301.7,0.7,88,4.156
188800,12.8566640716806,100.973093122434,3.28084,3.937008,301.7,0.2,88,4.156
188900,12.8566638022285,100.97309389608,3.28084,3.937008,302.1,-0.4,88,4.156
189000,12.8566637591708,100.973093971211,3.28084,3.937008,302,-0.3,88,4.156
189100,12.8566638357142,100.973093911242,3.28084,3.937008,301.9,-0.3,88,4.156
189200,12.8566641500161,100.973093567317,3.28084,3.937008,301.7,-0.2,88,4.156
189300,12.8566644569403,100.973093148137,3.28084,3.937008,301.8,-0.5,88,4.153
189400,12.8566649065155,100.973092432967,3.28084,3.937008,301.8,-0.6,88,4.153
189500,12.8566655575381,100.97309138645,3.28084,3.937008,301.9,-0.8,88,4.153
189600,12.8566661846673,100.973090299226,2.952756,3.937008,301.9,-0.8,88,4.153
189700,12.8566671681188,100.973088366626,2.952756,3.937008,301.9,-0.8,88,4.153
189800,12.8566681996901,100.973086638774,2.952756,3.937008,301.8,-0.7,88,4.153
189900,12.8566693793186,100.973084680388,2.952756,3.937008,301.7,-0.5,88,4.153
190000,12.8566704686304,100.973082870928,2.952756,3.608924,301.7,-0.7,88,4.153
190100,12.8566714979247,100.973081112584,2.952756,3.608924,301.7,-0.5,88,4.153
190200,12.8566726217888,100.973079195586,2.952756,3.608924,301.9,-0.6,88,4.153
190300,12.8566740615918,100.973076676343,2.952756,3.608924,301.9,-0.6,88,4.15
190400,12.8566757087531,100.973073894746,2.952756,3.608924,301.9,-0.6,88,4.15
190500,12.8566775398285,100.973070896113,2.952756,3.608924,301.6,-0.6,88,4.15
190600,12.856679658849,100.973067282027,2.624672,3.608924,301.5,-0.5,88,4.15
190700,12.8566804532422,100.973065891492,2.624672,3.608924,301.1,-0.7,88,4.15
190800,12.8566806916653,100.973065364247,2.624672,3.608924,301.3,-1.3,88,4.15
190900,12.8566810701971,100.97306467818,2.624672,3.608924,301.9,-1.4,88,4.15
191000,12.8566805055482,100.973065381171,2.624672,3.608924,301.9,-0.8,88,4.15
191100,12.856681872539,100.97306326848,2.624672,3.608924,301.7,-0.5,88,4.15
191200,12.8566833940594,100.973060948778,2.624672,3.608924,301.6,-0.8,88,4.15
191300,12.856684505106,100.973059237262,2.624672,3.608924,300.7,-0.9,88,4.15
191400,12.8566867058113,100.973055915256,2.952756,3.608924,297,-1.9,88,4.145
191500,12.856687161638,100.973055167714,2.952756,3.608924,294,-2.5,88,4.145
191600,12.8566874699586,100.973054745792,2.952756,3.608924,292.1,-2.3,88,4.145
191700,12.856687705312,100.973054454652,2.952756,3.608924,288.1,-2.1,88,4.145
191800,12.8566874961562,100.973055215833,2.952756,3.608924,283.5,-2.3,88,4.145
191900,12.8566875451643,100.973055195341,2.952756,3.608924,279.3,-2,88,4.145
192000,12.8566875710883,100.973055158803,2.952756,3.608924,277.1,-1.8,88,4.145
192100,12.8566873931238,100.97305548134,2.952756,3.608924,273.1,-1.5,88,4.145
192200,12.8566872639173,100.973055761321,2.952756,3.608924,268.8,-1.3,88,4.145
192300,12.8566870945087,100.973056467669,2.952756,3.608924,266.8,-1.6,88,4.145
192400,12.856687142941,100.973056523776,3.28084,3.608924,264.5,-1.1,87,4.147
192500,12.8566872020348,100.973056581526,3.28084,3.608924,260.1,-1.1,87,4.147
192600,12.8566871786618,100.973056687307,3.28084,3.608924,256.4,-1,87,4.147
192700,12.8566873906249,100.973056606192,3.28084,3.608924,254.6,-1.1,87,4.147
192800,12.8566874094286,100.973056619627,3.28084,3.608924,253.9,-0.8,87,4.147
192900,12.8566873773775,100.973056689486,3.28084,3.608924,253.8,-0.3,87,4.147
193000,12.856687348274,100.973056734609,3.28084,3.608924,253.7,-0.1,87,4.147
193100,12.8566876001983,100.973056302143,3.28084,3.608924,253.7,0,87,4.147
193200,12.8566875271252,100.973056208866,3.28084,3.608924,253.6,0,87,4.147
193300,12.8566874092047,100.973055955906,3.28084,3.608924,253.6,-0.3,87,4.147
193400,12.8566872573018,100.973055611805,3.28084,3.608924,253.7,-0.5,87,4.145
193500,12.8566870906403,100.973055018435,3.28084,3.608924,253.8,-0.4,87,4.145
193600,12.8566868648834,100.973054447578,3.28084,3.608924,253.8,-0.3,87,4.145
193700,12.8566866269246,100.973053851054,3.28084,3.608924,253.7,-0.1,87,4.145
193800,12.8566864101632,100.973053066288,3.28084,3.608924,253.5,-0.3,87,4.145
193900,12.8566861896287,100.973052291645,3.28084,3.608924,253.6,-0.5,87,4.145
194000,12.8566860590455,100.973051388778,3.28084,3.937008,253.6,-0.7,87,4.145
194100,12.8566857851176,100.973050896849,3.28084,3.937008,253.7,0,87,4.145
194200,12.856685336618,100.973050057531,3.28084,3.937008,253.6,0.6,87,4.145
194300,12.8566848707601,100.973049158206,3.28084,3.937008,253.6,0.6,87,4.145
194400,12.8566844747665,100.973048551453,3.28084,3.937008,254.5,0.7,87,4.138
194500,12.8566842202468,100.973048017784,3.28084,3.937008,258,1.1,87,4.138
194600,12.8566839708657,100.973047580898,3.28084,3.937008,260,1.4,87,4.138
194700,12.8566839873748,100.973047658357,3.28084,3.937008,261.3,1.4,87,4.138
194800,12.8566842084011,100.97304793564,3.28084,3.937008,264,0.8,87,4.138
194900,12.8566839951388,100.973047475793,3.28084,3.937008,265.7,0.4,87,4.138
195000,12.8566838379341,100.97304708069,3.28084,3.937008,266.4,0.3,87,4.138
195100,12.8566836888086,100.973046621537,3.28084,3.937008,266.7,0,87,4.138
195200,12.856683483511,100.973045636606,3.28084,3.937008,269.1,0.3,87,4.138
195300,12.856683290816,100.973044876084,3.28084,3.937008,273.5,-0.1,87,4.138
195400,12.8566831633016,100.97304411399,3.28084,3.937008,278,1.5,87,4.144
195500,12.8566830597337,100.973043303961,3.28084,3.937008,279.8,1.1,87,4.144
195600,12.8566829765813,100.973042463958,3.28084,3.937008,281.3,1,87,4.144
195700,12.8566829624326,100.973041354001,3.28084,3.937008,284.6,1.8,87,4.144
195800,12.8566828750316,100.97304070101,3.28084,3.937008,286.9,1.9,87,4.144
195900,12.8566827777239,100.973040156189,3.28084,3.937008,287.9,2.4,87,4.144
196000,12.8566826983486,100.973039751983,3.28084,3.937008,287.9,2.5,87,4.144
196100,12.8566826758647,100.973040167217,3.28084,3.937008,288.4,1.5,87,4.144
196200,12.8566826699323,100.973040010347,3.28084,3.937008,289.2,1,87,4.144
196300,12.8566826573216,100.973039705455,3.608924,4.265092,289.5,0.7,87,4.144
196400,12.8566826085546,100.973039652617,3.937008,4.593176,289.5,0.3,87,4.139
196500,12.8566825671392,100.973039342259,4.593176,5.249344,289.6,0.2,87,4.139
196600,12.8566825220521,100.97303936319,4.92126,5.577428,289.7,-0.1,87,4.139
196700,12.8566825276238,100.973039541422,5.577428,6.233596,289.7,-0.2,87,4.139
196800,12.8566825593023,100.973039831069,5.905512,6.889764,289.7,-0.3,87,4.139
196900,12.8566826836438,100.973040359694,6.56168,7.217848,289.7,-0.5,87,4.139
197000,12.8566826944697,100.973040420107,6.889764,7.545932,289.6,-0.7,87,4.139
197100,12.8566829175238,100.973040066621,7.545932,8.2021,289.7,-0.7,87,4.139
197200,12.8566829234651,100.973040136963,8.2021,9.186352,289.7,-0.8,87,4.139
197300,12.8566829207583,100.973040205126,8.858268,9.84252,289.7,-0.7,87,4.139
197400,12.8566830939824,100.973039968616,9.514436,10.170604,289.8,-0.7,87,4.111
197500,12.8566830366929,100.973040080759,9.84252,10.826772,289.7,-0.6,87,4.111
197600,12.8566829745653,100.973040156488,10.170604,11.154856,289.8,-0.4,87,4.111
197700,12.8566829059109,100.973040232498,10.498688,11.48294,289.8,-0.5,87,4.111
197800,12.8566829266451,100.973040344176,10.498688,11.48294,289.8,-0.7,87,4.111
197900,12.8566829353202,100.973040394641,10.826772,11.48294,289.7,-0.6,87,4.111
198000,12.8566829237831,100.973040410555,10.826772,11.48294,289.8,-0.4,87,4.111
198100,12.8566829842423,100.973040256268,10.826772,11.48294,289.8,-0.3,87,4.111
198200,12.8566831098353,100.973039844592,10.826772,11.48294,289.8,-0.3,87,4.111
198300,12.8566832778317,100.973039228182,10.826772,11.48294,289.7,-0.2,87,4.111
198400,12.8566835026155,100.973038454365,10.826772,11.48294,290.3,-0.3,87,4.141
198500,12.856683758578,100.973037584671,10.498688,11.48294,293.9,0.7,87,4.141
198600,12.8566839487416,100.973036870045,10.826772,11.48294,298.5,1.5,87,4.141
198700,12.8566841413104,100.973036350479,10.826772,11.48294,302.9,1.9,87,4.141
198800,12.8566843259446,100.973035793392,10.826772,11.48294,305.1,1.8,87,4.141
198900,12.8566844853933,100.973035210417,10.826772,11.48294,306.1,0.6,87,4.141
199000,12.8566846419955,100.973034784849,10.826772,11.48294,308.3,-0.1,87,4.141
199100,12.8566846583719,100.97303459297,10.826772,11.48294,312.6,1.1,87,4.141
199200,12.8566847752763,100.973034297841,10.826772,11.48294,317.2,0,87,4.141
199300,12.8566850170579,100.973033784303,10.826772,11.48294,322,-1.2,87,4.141
199400,12.8566852907944,100.973033281222,10.826772,11.48294,326.7,0.2,87,4.141
199500,12.8566856428941,100.973032589277,10.826772,11.48294,331.5,1.4,87,4.132
199600,12.8566860845013,100.973032198243,10.826772,11.48294,336.2,-0.9,87,4.132
199700,12.8566866480536,100.973031772534,10.826772,11.48294,339.1,-1.2,87,4.132
199800,12.8566872549829,100.973031276053,10.826772,11.48294,340.4,-0.7,87,4.132
199900,12.8566881591837,100.973030596119,10.826772,11.48294,340.7,-0.3,87,4.132
200000,12.856689212362,100.973029964489,10.826772,11.48294,340.7,-0.5,87,4.132
200100,12.8566905347057,100.973029402103,10.826772,11.48294,340.7,-0.6,87,4.132
200200,12.8566920834773,100.973028654332,10.826772,11.48294,340.9,0.6,87,4.132
200300,12.8566938988438,100.973027683153,10.826772,11.48294,340.9,1.6,87,4.132
200400,12.8566953319136,100.973026909389,10.826772,11.48294,341.6,1.8,87,4.132
200500,12.8566965581678,100.973026262662,10.826772,11.48294,344.9,2.5,87,4.131
200600,12.8566972743624,100.973025900495,10.826772,11.48294,347,2.5,87,4.131
200700,12.8566974647144,100.973025842191,10.826772,11.48294,347.6,1.2,87,4.131
200800,12.8566975878671,100.973025897314,10.826772,11.48294,347.7,0.5,87,4.131
200900,12.8566986141484,100.973025557545,11.154856,11.48294,346.8,0.3,87,4.131
201000,12.8566994864537,100.973025331861,11.154856,11.48294,343.7,0.5,87,4.131
201100,12.8567002909767,100.973025213479,11.154856,11.48294,342.3,0,87,4.131
201200,12.8567013256851,100.973025035167,11.154856,11.48294,341.8,-0.5,87,4.131
201300,12.8567028511626,100.973024624019,11.154856,11.48294,341.9,-0.6,87,4.131
201400,12.8567046391697,100.97302418824,11.154856,11.48294,341.7,-0.6,87,4.131
201500,12.8567067209823,100.973023670634,11.154856,11.48294,341.8,-0.6,87,4.129
201600,12.8567097306171,100.973022937581,10.826772,11.48294,341.8,-0.5,87,4.129
201700,12.8567122606263,100.973022197147,10.826772,11.48294,340.6,0,87,4.129
201800,12.8567146833569,100.973021448111,10.826772,11.48294,338.6,0,87,4.129
201900,12.856717377282,100.973020600384,10.826772,11.48294,337.9,-0.4,87,4.129
202000,12.8567189282805,100.973019918342,10.826772,11.48294,337.9,-0.8,87,4.129
202100,12.8567212318806,100.97301910688,10.826772,11.48294,337.8,-0.5,87,4.129
202200,12.8567238074146,100.973018154154,10.826772,11.48294,337.8,-0.4,87,4.129
202300,12.8567270740603,100.973016956527,10.826772,11.48294,337.8,-0.2,87,4.129
202400,12.8567305786671,100.973015679322,10.826772,11.48294,337.7,0,87,4.129
202500,12.8567353201782,100.973013905917,10.826772,11.48294,337.7,-0.1,87,4.131
202600,12.8567389834346,100.973012565575,10.826772,11.48294,337.7,0.1,87,4.131
202700,12.8567412625593,100.973011631891,10.826772,11.48294,337.7,0,87,4.131
202800,12.8567434388574,100.973010698102,10.826772,11.48294,337.8,-0.1,87,4.131
202900,12.8567442627459,100.973010084838,10.826772,11.48294,336.4,-0.1,87,4.131
203000,12.8567483877118,100.973008497433,10.826772,11.48294,335,-0.2,87,4.131
203100,12.856753688779,100.973006457079,10.826772,11.48294,334.5,-0.2,87,4.131
203200,12.856758819778,100.973004394387,10.826772,11.48294,334.5,-0.1,87,4.131
203300,12.8567665888564,100.973001161089,10.826772,11.48294,333.4,0,87,4.131
203400,12.8567716045551,100.97299913063,10.826772,11.48294,330.7,0.5,87,4.131
203500,12.8567768211386,100.972997011138,10.826772,11.48294,329.5,0.1,87,4.125
203600,12.8567810683876,100.972995238427,10.826772,11.48294,329.3,-0.1,87,4.125
203700,12.8567851043884,100.972993581971,10.826772,11.48294,329.3,-0.3,87,4.125
203800,12.8567893245726,100.972991694656,10.826772,11.48294,329.2,-0.2,87,4.125
203900,12.8567938433093,100.972989631368,10.826772,11.811024,329.3,-0.3,87,4.125
204000,12.8567978657093,100.972987775599,10.826772,11.811024,329.3,-0.3,87,4.125
204100,12.856801506884,100.972986030867,10.826772,11.811024,329.2,-0.2,87,4.125
204200,12.8568030958285,100.972984999996,10.826772,11.811024,329.2,-0.1,87,4.125
204300,12.8568082993845,100.972982527237,10.498688,11.811024,329.3,0,87,4.125
204400,12.8568133806769,100.972980093582,10.498688,11.811024,329.3,-0.1,87,4.125
204500,12.8568187522362,100.972977496782,10.498688,11.811024,329.3,-0.3,87,4.125
204600,12.8568253115826,100.972974334081,10.498688,11.811024,329.4,-0.1,87,4.13
204700,12.8568282607468,100.972972788381,10.498688,11.811024,329.4,-0.2,87,4.13
204800,12.8568306944368,100.972971443417,10.498688,11.811024,329.4,-0.5,87,4.13
204900,12.8568344147539,100.97296949018,10.498688,11.811024,329.2,-0.7,87,4.13
205000,12.8568346820662,100.972969133856,10.498688,11.811024,328.8,-1.6,87,4.13
205100,12.8568405324923,100.972966299184,10.170604,12.139108,330,-0.7,87,4.13
205200,12.8568467316268,100.972963351877,10.170604,12.139108,332.8,0,87,4.13
205300,12.8568521049188,100.972960777414,9.84252,12.139108,333.6,-0.6,87,4.13
205400,12.8568620796203,100.972956314372,9.84252,12.139108,334.9,-1,87,4.13
205500,12.8568659791184,100.972954451644,9.84252,12.139108,338.5,1.2,87,4.13
205600,12.8568686385759,100.972953225449,9.84252,12.139108,341,1.5,87,4.127
205700,12.8568708229055,100.972952241607,9.84252,12.139108,342.4,2.6,87,4.127
205800,12.8568723375147,100.972951665443,9.84252,12.139108,342.6,2.5,87,4.127
205900,12.8568712502092,100.972952746929,10.170604,12.139108,344.6,2.3,87,4.127
206000,12.8568722476507,100.972952410991,10.170604,12.139108,349.1,3.5,87,4.127
206100,12.8568719675062,100.972952759301,10.170604,12.139108,353.2,4.6,87,4.127
206200,12.8568717493599,100.972953147664,10.498688,12.139108,354.8,4.1,87,4.127
206300,12.8568706784299,100.972954426389,10.498688,12.467192,355.2,2.2,87,4.127
206400,12.856871250118,100.972954512276,10.498688,12.467192,356.5,0.4,87,4.127
206500,12.8568718612405,100.972954611713,10.498688,12.139108,0.5,-0.9,87,4.127
206600,12.8568724101564,100.972954706334,10.826772,12.139108,3.8,-1.2,87,4.126
206700,12.8568732015671,100.972955049759,10.826772,12.139108,5.2,-0.6,87,4.126
206800,12.8568738758732,100.972955266664,10.826772,12.139108,5.5,-0.5,87,4.126
206900,12.8568748458917,100.972955455573,10.826772,12.139108,5.5,-1.1,87,4.126
207000,12.8568762495974,100.972955604922,10.826772,12.139108,5.7,-0.9,87,4.126
207100,12.8568791057318,100.972955879507,10.826772,12.139108,5.6,-1.2,87,4.126
207200,12.856881470949,100.972956100876,10.826772,12.139108,5.6,-1.4,87,4.126
207300,12.8568838432663,100.972956390768,10.826772,12.139108,5.7,-1.2,87,4.126
207400,12.8568863117529,100.97295663045,10.826772,12.139108,5.5,-0.5,87,4.126
207500,12.8568888221621,100.972956854192,10.826772,12.139108,5.4,0.4,87,4.126
207600,12.8568918285824,100.972957012099,10.826772,12.139108,5.1,0.3,87,4.122
207700,12.8568936173956,100.972957155525,10.826772,12.139108,5.5,0.4,87,4.122
207800,12.8568950019768,100.972957194453,10.826772,11.811024,5.6,0,87,4.122
207900,12.8568961880703,100.972957196773,10.826772,11.811024,5.6,-0.3,87,4.122
208000,12.8568974765082,100.97295696804,10.826772,11.811024,6,-0.5,87,4.122
208100,12.8568971942272,100.972956972293,10.826772,11.811024,5.8,0.3,87,4.122
208200,12.8568968008473,100.972956956001,11.154856,12.139108,5.6,0.2,87,4.122
208300,12.8568970900589,100.972956954402,11.48294,12.467192,5.7,-0.5,87,4.122
208400,12.8568968080906,100.972956810783,11.811024,12.795276,5.7,-0.9,87,4.122
208500,12.8568971546495,100.972956828322,12.139108,13.12336,5.6,0,87,4.122
208600,12.8568972770564,100.972956815229,12.467192,13.451444,5.6,0.1,86,4.095
208700,12.8568972418038,100.97295681131,12.795276,13.451444,5.6,-0.5,86,4.095
208800,12.8568966452201,100.972956864262,12.795276,13.779528,5.6,-0.5,86,4.095
208900,12.8568964420945,100.972956857918,12.795276,13.779528,5.4,-0.6,86,4.095
209000,12.8568964291191,100.972956834913,12.795276,13.779528,5.4,-0.4,86,4.095
209100,12.856896781358,100.972956832663,13.12336,13.779528,5.4,0.2,86,4.095
209200,12.8568970619455,100.972956818516,13.12336,13.779528,5.4,0,86,4.095
209300,12.8568977303631,100.972956839183,13.12336,13.779528,5.4,0.3,86,4.095
209400,12.8568977725984,100.972956794561,13.12336,13.779528,5.4,0.5,86,4.095
209500,12.8568978100917,100.972956753648,13.12336,13.779528,5.5,0.7,86,4.095
209600,12.8568977342453,100.972956747813,13.12336,13.779528,5.6,0.8,86,4.095
209700,12.8568976129327,100.972956807303,13.12336,13.779528,5.6,0.4,86,4.126
209800,12.8568975500618,100.97295682493,13.12336,13.779528,5.6,0,86,4.126
209900,12.856897508087,100.972956846723,13.12336,14.107612,5.7,-0.5,86,4.126
210000,12.8568974533192,100.972956890677,13.12336,13.779528,5.7,-0.6,86,4.126
210100,12.8568973134293,100.972957009235,13.12336,13.779528,5.6,-1,86,4.126
210200,12.856897249464,100.972957069832,13.12336,13.779528,5.6,-1.4,86,4.126
210300,12.8568972088962,100.972957108092,13.12336,13.779528,5.6,-1.1,86,4.126
210400,12.8568972353682,100.972957152239,13.12336,13.779528,5.6,-1,86,4.126
210500,12.8568973658522,100.972957210727,13.12336,13.779528,5.6,-0.7,86,4.126
210600,12.8568973708548,100.972957229409,13.12336,13.779528,5.7,-0.2,86,4.126
210700,12.8568973818761,100.972957204277,13.12336,13.779528,5.7,-0.1,86,4.125
210800,12.8568974024857,100.972957141185,13.12336,13.779528,5.7,-0.2,86,4.125
210900,12.856897422496,100.972957114911,13.12336,13.779528,5.7,-0.3,86,4.125
211000,12.856897449932,100.972956993066,13.12336,13.779528,5.6,-0.3,86,4.125
211100,12.856897472626,100.972956940448,13.12336,13.779528,5.6,-0.4,86,4.125
211200,12.856897496258,100.972956883594,13.12336,13.779528,5.5,-0.2,86,4.125
211300,12.8568975228342,100.972956883735,13.12336,13.779528,5.5,-0.2,86,4.125
211400,12.8568975101975,100.972956712822,13.12336,13.779528,5.5,0,86,4.125
211500,12.8568975310155,100.972956684,13.12336,13.779528,5.5,-0.2,86,4.125
211600,12.8568975815363,100.97295668762,13.12336,13.779528,5.5,-4.8,86,4.125
211700,12.8568976446939,100.972956643262,13.12336,13.779528,5.2,-13.8,86,4.124
211800,12.8568978232495,100.972956495847,13.12336,13.779528,5.3,-16.8,86,4.124
211900,12.8568979168655,100.972956047133,13.12336,13.779528,5.7,-3.1,86,4.124
212000,12.856897993702,100.972955525239,13.12336,13.779528,5.9,4.4,86,4.124
212100,12.8568980493818,100.97295503048,13.12336,13.779528,5.7,5.4,86,4.124
212200,12.8568979820293,100.972954535123,13.12336,13.779528,5.7,5,86,4.124
212300,12.856897972884,100.972954190187,13.12336,13.779528,5.6,4.1,86,4.124
212400,12.856897996073,100.97295379678,13.12336,13.779528,5.6,3.1,86,4.124
212500,12.8568980264012,100.97295342601,13.12336,14.107612,5.7,1.6,86,4.124
212600,12.8568980771044,100.97295281083,13.12336,14.107612,5.6,0.7,86,4.124
212700,12.8568980266357,100.9729528167,13.12336,14.107612,5.3,-9.6,86,4.124
212800,12.8568979318733,100.972952952182,13.12336,14.107612,5.4,-1.9,86,4.124
212900,12.8568978711388,100.972952889898,13.12336,14.107612,5.6,2.6,86,4.124
213000,12.8568978427127,100.972952678212,13.12336,14.107612,5.4,3,86,4.124
213100,12.8568977152772,100.972952720286,13.12336,14.107612,5.5,2.4,86,4.124
213200,12.8568976719736,100.972952391184,13.12336,14.107612,5.6,-2.1,86,4.124
213300,12.8568976039177,100.972952164473,13.12336,14.107612,5.4,-12.3,86,4.124
213400,12.8568975770809,100.972951801909,13.12336,14.107612,5.6,-3.1,86,4.124
213500,12.8568975724431,100.972951209822,13.451444,14.107612,5.8,3.1,86,4.124
213600,12.8568975820835,100.972950926274,13.451444,14.107612,5.6,3,86,4.124
213700,12.8568976054289,100.972950714132,13.451444,14.107612,5.5,-8.7,86,4.123
213800,12.8568976146263,100.972950352517,13.451444,14.107612,5.5,-14.8,86,4.123
213900,12.8568977086331,100.972949754086,13.451444,13.779528,5.5,-13.8,86,4.123
214000,12.8568977722076,100.97294894244,13.451444,14.107612,5.9,4.9,86,4.123
214100,12.8568978508419,100.972948300353,13.451444,14.107612,5.9,8.7,86,4.123
214200,12.8568978989136,100.972947774962,13.451444,14.107612,5.8,8.3,86,4.123
214300,12.8568978897682,100.972947258779,13.451444,14.107612,5.7,7.1,86,4.123
214400,12.8568978058447,100.972946868237,13.451444,14.107612,5.7,5.6,86,4.123
214500,12.8568978056623,100.972946406729,13.451444,14.107612,5.7,2.7,86,4.123
214600,12.8568976936254,100.972946059315,13.451444,14.107612,5.9,2.6,86,4.123
214700,12.8568973773685,100.972946002567,13.451444,14.107612,5.9,2.7,86,4.123
214800,12.8568968606958,100.972946351,13.451444,14.107612,5.4,2.5,86,4.122
214900,12.8568962389429,100.972946360877,13.451444,14.107612,5.1,2.3,86,4.122
215000,12.8568957242634,100.972946237521,13.451444,14.107612,5,2.5,86,4.122
215100,12.8568953028221,100.972945975748,13.451444,14.107612,5.3,2.4,86,4.122
215200,12.8568947445524,100.972945772955,13.451444,14.107612,5.5,1.7,86,4.122
215300,12.8568943546899,100.972945764379,13.451444,14.107612,5.5,1,86,4.122
215400,12.8568940286103,100.972945786628,13.451444,14.107612,5.6,0.2,86,4.122
215500,12.8568936674083,100.972945811778,13.451444,14.107612,5.6,0,86,4.122
215600,12.8568932614438,100.972945912374,13.451444,14.107612,5.7,-0.1,86,4.122
215700,12.8568926720513,100.972945919123,13.451444,14.107612,5.8,0.2,86,4.122
215800,12.8568920788417,100.972945951478,13.451444,14.107612,5.6,0.8,86,4.121
215900,12.8568915279977,100.972945990511,13.451444,14.107612,5.6,1.1,86,4.121
216000,12.8568911113115,100.972946018349,13.451444,14.107612,5.7,0.9,86,4.121
216100,12.8568912148284,100.972946263813,13.451444,14.107612,5.7,0.6,86,4.121
216200,12.8568909333812,100.972946334076,13.451444,14.107612,5.6,0.1,86,4.121
216300,12.8568905343863,100.97294636854,13.451444,14.107612,5.5,-0.3,86,4.121
216400,12.8568902264801,100.972946457572,13.451444,14.107612,5.4,-0.1,86,4.121
216500,12.8568895103947,100.97294658896,13.451444,14.107612,5.5,-0.2,86,4.121
216600,12.8568891185389,100.972946674935,13.451444,14.107612,5.5,-0.5,86,4.121
216700,12.8568887517352,100.97294670627,13.451444,14.107612,5.7,-0.7,86,4.121
216800,12.8568883460833,100.972946716059,13.451444,14.107612,5.7,-0.5,86,4.12
216900,12.8568883411198,100.972946725831,13.451444,14.107612,5.7,-0.3,86,4.12
217000,12.8568880032502,100.972946775321,13.451444,14.107612,5.8,-0.6,86,4.12
217100,12.8568873972606,100.972946885847,13.451444,14.107612,5.6,-0.8,86,4.12
217200,12.8568864353713,100.972946951365,13.451444,14.107612,5.6,-1,86,4.12
217300,12.8568845009883,100.972946930188,13.451444,14.107612,5.5,-1.1,86,4.12
217400,12.8568833091236,100.972946887464,13.451444,14.107612,5.7,-0.8,86,4.12
217500,12.8568819033856,100.972946814846,13.451444,14.107612,5.7,-0.4,86,4.12
217600,12.8568804764909,100.972946766832,13.779528,14.107612,6,-0.7,86,4.12
217700,12.8568790967428,100.972946738519,13.779528,14.107612,5.8,0,86,4.12
217800,12.8568776805177,100.972946749767,13.779528,14.107612,5.7,0,86,4.115
217900,12.8568766242959,100.972946711402,13.779528,14.107612,5.5,0.1,86,4.115
218000,12.856875811559,100.972946700646,13.779528,14.107612,5.5,0.2,86,4.115
218100,12.8568754869775,100.972946716622,13.779528,14.107612,5.5,0.2,86,4.115
218200,12.8568744420767,100.97294660548,13.451444,14.107612,5.5,0.1,86,4.115
218300,12.8568730220865,100.972946533512,13.451444,14.107612,5.6,0,86,4.115
218400,12.8568717689272,100.972946469224,13.451444,14.107612,5.7,-0.1,86,4.115
218500,12.8568706446886,100.972946418451,13.451444,14.107612,5.6,-0.2,86,4.115
218600,12.8568697064964,100.972946398557,13.451444,14.107612,5.6,-0.1,86,4.115
218700,12.8568694700984,100.972946432757,13.451444,14.107612,5.5,-0.5,86,4.115
218800,12.8568695002442,100.972946484918,13.451444,14.107612,5.5,-0.3,86,4.115
218900,12.8568694052864,100.972946522177,13.451444,14.107612,5.6,0,86,4.115
219000,12.8568692054958,100.972946567062,13.451444,14.107612,5.5,0,86,4.115
219100,12.8568686800816,100.972946666341,13.451444,14.107612,5.5,0,86,4.115
219200,12.8568680237015,100.972946714302,13.451444,14.107612,4.2,0.1,86,4.115
219300,12.8568676298916,100.972946719943,13.451444,14.107612,0.1,0.5,86,4.115
219400,12.8568674098562,100.972946738871,13.451444,14.107612,355.7,0.8,86,4.115
219500,12.8568667162303,100.972946635445,13.451444,14.107612,351,0.9,86,4.115
219600,12.8568666641461,100.972946643371,13.451444,14.107612,346.3,0.7,86,4.115
219700,12.8568666613061,100.972946644548,13.451444,14.107612,341.5,0.7,86,4.115
219800,12.8568666881168,100.972946676745,13.451444,14.107612,336.9,0.5,86,4.117
219900,12.8568668723916,100.972946620366,13.451444,14.107612,334.2,0.6,86,4.117
220000,12.8568669107968,100.972946676692,13.451444,14.107612,332.9,0.5,86,4.117
220100,12.8568670173622,100.972946679891,13.451444,14.107612,332.5,0.1,86,4.117
220200,12.8568671471035,100.972946709908,13.451444,14.107612,332.4,0,86,4.117
220300,12.8568673760107,100.972946740136,13.451444,14.107612,332.3,-0.1,86,4.117
220400,12.8568674524954,100.972946793914,13.451444,14.107612,332.3,-0.3,86,4.117
220500,12.8568675215284,100.972946844424,13.451444,14.107612,332.3,-0.5,86,4.117
220600,12.8568675954989,100.972946902789,13.451444,14.107612,332.4,-0.7,86,4.117
220700,12.8568674937928,100.972946747658,13.451444,14.107612,332.3,-0.6,86,4.117
220800,12.8568675287978,100.972946731859,13.451444,14.107612,332.3,-0.6,86,4.118
220900,12.8568676180105,100.972946781577,13.451444,14.107612,332.3,-0.7,86,4.118
221000,12.8568676727262,100.972946811981,13.451444,14.107612,332.4,-0.5,86,4.118
221100,12.856867692046,100.972946809152,13.451444,14.107612,332.4,-0.4,86,4.118
221200,12.8568677375383,100.972946785742,13.451444,14.107612,332.4,-0.7,86,4.118
221300,12.8568677681269,100.972946829837,13.451444,14.107612,332.4,-1.1,86,4.118
221400,12.8568677870951,100.972946836234,13.451444,14.107612,332.4,-1,86,4.118
221500,12.8568677956802,100.972946825795,13.451444,14.107612,332.4,-0.7,86,4.118
221600,12.8568678181267,100.972946873914,13.451444,14.107612,332.4,-0.5,86,4.118
221700,12.856867816394,100.972946898378,13.451444,14.107612,333.2,-0.4,86,4.118
221800,12.856867812108,100.972946892332,13.451444,14.107612,336.9,-0.2,86,4.116
221900,12.8568678064149,100.972946874617,13.451444,14.107612,340.6,-0.1,86,4.116
222000,12.8568678199375,100.97294683815,13.451444,14.107612,342.5,-0.2,86,4.116
222100,12.8568677914984,100.972946821559,13.451444,14.107612,343.1,-0.3,86,4.116
222200,12.8568677677491,100.972946838079,13.451444,14.107612,343.5,-0.2,86,4.116
222300,12.8568677566236,100.972946875214,13.451444,14.107612,346.2,-0.1,86,4.116
222400,12.856867743583,100.972946921137,13.451444,14.107612,350.6,0.2,86,4.116
222500,12.8568677414986,100.972946931927,13.451444,14.107612,355.1,0,86,4.116
222600,12.8568677321579,100.972946946866,13.451444,14.107612,359.7,0,86,4.116
222700,12.8568677418895,100.972946940469,13.451444,14.107612,4.5,0,86,4.116
222800,12.8568677587992,100.972946923509,13.451444,14.107612,9.2,0.1,86,4.116
222900,12.8568677966312,100.972946884072,13.451444,14.107612,14.1,0.1,86,4.115
223000,12.8568678015556,100.972946890434,13.451444,14.107612,18.9,0,86,4.115
223100,12.8568678070533,100.972946873299,13.451444,14.107612,23.7,0.2,86,4.115
223200,12.8568678123425,100.972946881471,13.451444,14.107612,28.5,0.2,86,4.115
223300,12.8568678175926,100.972946918184,13.451444,14.107612,33.3,0.2,86,4.115
223400,12.8568678525585,100.972946937112,13.451444,14.107612,38.1,0.1,86,4.115
223500,12.8568679011382,100.972946948729,13.451444,14.107612,42.9,-0.1,86,4.115
223600,12.8568679284831,100.972946986901,13.451444,14.107612,47.7,0,86,4.115
223700,12.8568680271668,100.97294706516,13.451444,14.107612,52.4,0.1,86,4.115
223800,12.8568680335633,100.972947112981,13.451444,14.107612,57.3,0,86,4.115
223900,12.8568680352048,100.972947165968,13.451444,14.107612,62.1,-0.1,86,4.115
224000,12.8568680442199,100.97294720414,13.451444,14.107612,66.8,0,86,4.115
224100,12.856868020666,100.972947240062,13.451444,14.107612,71.7,0.1,86,4.115
224200,12.8568680273101,100.972947268533,13.451444,14.107612,76.5,0.5,86,4.115
224300,12.8568680309708,100.972947306494,13.451444,14.107612,81.3,0.4,86,4.115
224400,12.8568680652984,100.972947344121,13.451444,14.107612,86.1,0.1,86,4.115
224500,12.8568681121976,100.972947380922,13.451444,14.107612,90.7,0,86,4.115
224600,12.8568682223065,100.972947450992,13.451444,14.107612,95.5,0,86,4.115
224700,12.8568682364674,100.972947503698,13.451444,14.107612,100.3,0.3,86,4.115
224800,12.8568682507196,100.972947559129,13.451444,14.107612,105,0.1,86,4.115
224900,12.8568682695183,100.972947585736,13.451444,14.107612,109.9,0,86,4.113
225000,12.8568682705996,100.972947672186,13.451444,14.107612,114.7,0.4,86,4.113
225100,12.8568682405972,100.972947713117,13.451444,14.107612,119.6,0.7,86,4.113
225200,12.8568682202221,100.972947782923,13.451444,14.107612,124.4,1,86,4.113
225300,12.856868230136,100.972947862624,13.451444,14.107612,129.2,1.2,86,4.113
225400,12.8568681971763,100.972948119037,13.451444,14.107612,134.1,0.8,86,4.113
225500,12.8568682026479,100.972948171022,13.451444,14.107612,138.9,0,86,4.113
225600,12.8568681659363,100.972948211602,13.451444,14.107612,143.6,0.3,86,4.113
225700,12.8568681253033,100.972948254255,13.451444,14.107612,146.6,0.5,86,4.113
225800,12.856867935075,100.97294832856,13.451444,14.107612,148.1,1.2,86,4.113
225900,12.8568678761775,100.97294835972,13.451444,14.107612,148.5,1.3,85,4.112
226000,12.856867838137,100.972948371776,13.451444,14.107612,148.7,1.3,85,4.112
226100,12.8568678052034,100.972948382145,13.451444,14.107612,148.8,1.1,85,4.112
226200,12.8568678048907,100.972948363165,13.451444,14.107612,148.7,0.7,85,4.112
226300,12.8568678374335,100.972948329035,13.451444,14.107612,148.6,0,85,4.112
226400,12.8568679280662,100.972948248948,13.451444,14.107612,148.6,-0.3,85,4.112
226500,12.8568680162106,100.972948181532,13.451444,14.107612,148.6,-0.4,85,4.112
226600,12.8568680968902,100.972948130565,13.451444,14.107612,148.5,0,85,4.112
226700,12.8568681370672,100.972948105768,13.451444,14.107612,148.6,0.2,85,4.112
226800,12.8568683738951,100.97294793011,13.451444,14.107612,148.6,0.4,85,4.112
226900,12.8568687925876,100.972947653715,13.451444,14.107612,148.6,0.3,85,4.112
227000,12.8568692205036,100.972947379341,13.451444,14.107612,148.6,0,85,4.109
227100,12.8568694378292,100.972947124351,13.451444,14.107612,148.7,0.1,85,4.109
227200,12.8568698474545,100.972946828607,13.451444,14.107612,149.1,0.1,85,4.109
227300,12.8568704660939,100.972946394849,13.451444,14.107612,148.9,0,85,4.109
227400,12.8568712932262,100.972945848157,13.451444,14.107612,148.8,-0.1,85,4.109
227500,12.8568724494214,100.972945052117,13.451444,14.107612,148.8,-0.1,85,4.109
227600,12.8568731100616,100.972944589098,13.779528,14.107612,148.7,-0.2,85,4.109
227700,12.856873633678,100.972944214267,13.779528,14.107612,148.6,-0.3,85,4.109
227800,12.8568740191763,100.972943972143,13.779528,14.107612,148.5,-0.1,85,4.109
227900,12.8568743059518,100.97294381543,13.779528,14.435696,148.5,0,85,4.109
228000,12.8568743705294,100.972943786608,14.107612,14.435696,148.6,0.8,85,4.11
228100,12.8568744656044,100.972943854832,14.435696,14.76378,148.7,1.1,85,4.11
228200,12.8568744991374,100.972943916818,14.76378,15.091864,148.6,0.4,85,4.11
228300,12.8568745359402,100.972943925025,15.419948,15.748032,148.7,0.3,85,4.11
228400,12.8568744111884,100.972944081808,15.748032,16.076116,148.8,0.6,85,4.11
228500,12.8568742211164,100.972944300418,16.076116,16.4042,148.7,0.9,85,4.11
228600,12.856874166114,100.972944387781,16.4042,16.732284,148.7,0.7,85,4.11
228700,12.8568741163488,100.972944459503,16.732284,17.060368,148.7,0.8,85,4.11
228800,12.85687391123,100.972944675143,16.732284,17.060368,148.7,0.6,85,4.11
228900,12.8568738590156,100.97294473755,16.732284,17.060368,148.7,0.6,85,4.11
229000,12.8568738308891,100.97294477052,16.732284,17.060368,148.5,0.3,85,4.129
229100,12.8568738756257,100.972944806583,16.732284,17.060368,148.5,0.1,85,4.129
229200,12.8568740378708,100.972944870115,16.732284,16.732284,148.6,0.5,85,4.129
229300,12.8568740453747,100.972944909869,16.4042,16.732284,148.6,0.5,85,4.129
229400,12.8568740564742,100.97294494377,16.4042,16.4042,148.5,0.4,85,4.129
229500,12.8568740677169,100.972944974402,16.076116,16.4042,148.6,0.7,85,4.129
229600,12.8568740795069,100.972945001256,16.076116,16.076116,148.7,0.6,85,4.129
229700,12.856874102709,100.972945059463,16.076116,16.076116,148.7,0.3,85,4.129
229800,12.8568740397598,100.972945079358,15.748032,16.076116,148.7,0.3,85,4.129
229900,12.856873945727,100.972945097495,15.748032,15.748032,148.6,0.4,85,4.129
230000,12.8568739122331,100.972945106299,15.419948,15.419948,148.6,0.2,85,4.068
230100,12.8568738941639,100.972945157547,15.419948,15.419948,148.6,0.6,85,4.068
230200,12.8568739081164,100.972945187388,15.091864,15.091864,148.5,1,85,4.068
230300,12.8568738523976,100.972945213381,15.091864,14.76378,148.5,0.7,85,4.068
230400,12.8568737902822,100.972945243258,14.76378,14.76378,148.5,1,85,4.068
230500,12.8568735535064,100.972945373345,14.435696,14.435696,148.4,1.4,85,4.068
230600,12.8568735243638,100.972945352765,14.435696,14.107612,148.4,1,85,4.068
230700,12.8568735018913,100.972945305859,14.107612,14.107612,148.4,0.4,85,4.068
230800,12.8568734692312,100.972945244137,13.779528,13.779528,148.2,0.8,85,4.068
230900,12.8568734095911,100.972945174823,13.451444,13.12336,148.5,-0.7,85,4.068
231000,12.8568733520354,100.972945104753,13.12336,12.795276,148.6,-1.6,85,4.087
231100,12.8568731971899,100.972945154085,12.467192,12.467192,148.7,-2,85,4.087
231200,12.8568730669795,100.972945167107,12.139108,11.811024,149.1,-0.7,85,4.087
231300,12.856873010023,100.9729450647,11.811024,11.48294,149.3,-2.6,85,4.087
231400,12.8568727638935,100.972945126088,11.48294,11.154856,148.9,-4.9,85,4.087
231500,12.8568727274294,100.972945032592,11.154856,10.498688,148.8,-3.1,85,4.087
231600,12.8568726812728,100.972945039235,10.826772,10.170604,148.7,-0.6,85,4.087
231700,12.8568726264919,100.972945087319,10.826772,10.170604,148.4,-1,85,4.087
231800,12.8568725737694,100.972945058795,10.498688,9.84252,148.5,-0.5,85,4.087
231900,12.8568725702259,100.972945083699,10.498688,9.84252,148.7,-0.9,85,4.087
232000,12.8568725872008,100.972945093189,10.498688,9.84252,148.7,-0.9,85,4.084
232100,12.8568725713202,100.972945195192,10.498688,9.84252,148.7,-0.7,85,4.084
232200,12.8568724409014,100.97294547048,10.498688,9.84252,148.7,-0.4,85,4.084
232300,12.856872046388,100.972945782621,10.498688,9.84252,148.7,0,85,4.084
232400,12.8568714212219,100.972946262583,10.498688,9.84252,148.7,0,85,4.084
232500,12.8568705662757,100.972946886778,10.498688,9.84252,148.7,0.4,85,4.084
232600,12.856869430169,100.972947731096,10.498688,9.84252,148.7,0.2,85,4.084
232700,12.8568685305644,100.972948323095,10.170604,9.84252,148.8,0.2,85,4.084
232800,12.8568676939871,100.972948832107,10.170604,9.84252,148.7,0,85,4.084
232900,12.8568669507653,100.972949279942,10.170604,9.84252,148.6,0,85,4.084
233000,12.8568660794175,100.972949871537,10.170604,9.84252,148.6,-0.5,85,4.109
233100,12.8568647135829,100.972950912566,10.170604,9.84252,148.5,-0.5,85,4.109
233200,12.8568637931994,100.972951620083,9.84252,9.84252,148.5,-0.1,85,4.109
233300,12.8568630657409,100.972952189305,9.84252,9.84252,148.7,0.7,85,4.109
233400,12.8568626657038,100.972952496474,9.84252,9.84252,149.1,8.6,85,4.109
233500,12.8568621350656,100.972952831621,9.84252,9.514436,148.7,1.7,85,4.109
233600,12.856861971648,100.972952797192,9.84252,9.514436,148.5,-1.9,85,4.109
233700,12.8568619047775,100.972952718862,9.84252,9.514436,148.8,2.3,85,4.109
233800,12.856861870463,100.972952650005,9.84252,9.514436,149,12.4,85,4.109
233900,12.8568624613015,100.972952105264,9.84252,9.514436,148.6,2.1,85,4.109
234000,12.8568622973889,100.972951891768,9.84252,9.84252,148.3,-2,85,4.108
234100,12.8568621691066,100.972951587201,9.84252,9.514436,148.5,-2.7,85,4.108
234200,12.856862014691,100.97295135012,9.84252,9.514436,148.6,5.6,85,4.108
234300,12.8568616545704,100.972950980703,9.84252,9.514436,148.6,7,85,4.108
234400,12.8568612861903,100.972950671302,9.514436,9.514436,148.1,-2.6,85,4.108
234500,12.8568609414943,100.972950350742,9.514436,9.514436,148.4,-3.4,85,4.108
234600,12.856860748921,100.972950088231,9.514436,9.514436,148.4,-3.7,85,4.108
234700,12.8568606923684,100.972949989005,9.514436,9.514436,148.4,-5.1,85,4.108
234800,12.8568606117148,100.972950200656,9.514436,9.514436,148.3,-11,85,4.108
234900,12.8568606854247,100.972950289144,9.514436,9.514436,148.8,-1,85,4.108
235000,12.8568607230483,100.972950353273,9.514436,9.514436,148.6,0.3,85,4.109
235100,12.8568605996383,100.972950423554,9.514436,9.514436,148.6,0.5,85,4.109
235200,12.856860233499,100.972950344908,9.514436,9.514436,148.7,0.6,85,4.109
235300,12.8568601669151,100.972950309091,9.514436,9.514436,148.6,0,85,4.109
235400,12.8568601761517,100.972950380672,9.514436,9.514436,148.5,0.4,85,4.109
235500,12.8568602063235,100.972950473448,9.514436,9.514436,148.6,0.6,85,4.109
235600,12.8568603913147,100.972950743428,9.514436,9.514436,148.6,0.9,85,4.109
235700,12.85686046664,100.972950840669,9.514436,9.514436,148.6,1.5,85,4.109
235800,12.8568605338752,100.972950910949,9.514436,9.514436,148.6,1.6,85,4.109
235900,12.8568605935023,100.972950962794,9.514436,9.514436,148.6,1.5,85,4.109
236000,12.85686070494,100.972951066888,9.514436,9.514436,148.6,1.3,85,4.11
236100,12.8568607139551,100.972951046906,9.186352,9.514436,148.6,1.4,85,4.11
236200,12.8568607279206,100.972951034938,9.186352,9.514436,148.5,1.1,85,4.11
236300,12.8568607403749,100.972951024762,9.186352,9.514436,148.5,0.8,85,4.11
236400,12.8568607621961,100.972951035412,9.186352,9.514436,148.5,1,85,4.11
236500,12.8568608556688,100.97295123353,9.186352,9.514436,148.4,0.8,85,4.11
236600,12.856860855773,100.97295116629,9.186352,9.514436,146,0.3,85,4.11
236700,12.8568608581049,100.972951095131,9.186352,9.514436,142,-0.1,85,4.11
236800,12.856860866664,100.972951026238,9.186352,9.514436,139.9,-0.4,85,4.11
236900,12.8568608993762,100.972951021212,9.186352,9.514436,140.4,0.1,85,4.11
237000,12.8568608982949,100.972950950228,9.186352,9.514436,144.1,0.4,85,4.109
237100,12.8568609137847,100.972950902285,9.186352,9.514436,146.3,-0.3,85,4.109
237200,12.8568609112704,100.972950865589,9.186352,9.514436,147.4,-1,85,4.109
237300,12.856860935215,100.972950965799,9.186352,9.514436,148.2,-1,85,4.109
237400,12.8568609110619,100.972950914552,9.186352,9.514436,151.2,-0.6,85,4.109
237500,12.8568608833914,100.972950851916,9.186352,9.514436,153.2,0,85,4.109
237600,12.8568608698037,100.972950803446,9.186352,9.514436,154.1,0,85,4.109
237700,12.8568608636547,100.972950805678,9.186352,9.514436,154.2,-0.3,85,4.109
237800,12.8568608543791,100.972950752058,9.186352,9.514436,154.4,-0.5,85,4.109
237900,12.8568607923419,100.972950717717,9.186352,9.514436,154.6,-0.8,85,4.109
238000,12.8568605695186,100.972950753639,9.186352,9.514436,154.5,-0.8,85,4.107
238100,12.8568601556593,100.97295098833,9.186352,9.514436,154.4,-0.6,85,4.107
238200,12.8568595932729,100.972951525936,9.186352,9.514436,154.3,-0.5,85,4.107
238300,12.8568586921311,100.972951933508,9.186352,9.514436,154.1,-0.7,85,4.107
238400,12.8568576151825,100.972952477669,9.186352,9.514436,154.2,-1.4,85,4.107
238500,12.8568562912836,100.972953181372,9.186352,9.514436,154.2,-1.3,85,4.107
238600,12.8568548259054,100.972954080645,9.186352,9.514436,154.2,0.1,85,4.107
238700,12.8568534100971,100.972954882888,9.186352,9.84252,154.1,1.5,85,4.107
238800,12.856851942804,100.972955757135,9.186352,9.84252,154.3,2,85,4.107
238900,12.8568501797463,100.972956729483,9.186352,9.514436,154.3,1.8,85,4.107
239000,12.8568484402424,100.972957813464,9.186352,9.514436,154.3,1.8,85,4.106
239100,12.8568456679533,100.972959348761,9.186352,9.514436,154.3,0.6,85,4.106
239200,12.8568426139433,100.972961043441,9.186352,9.84252,154.3,0,85,4.106
239300,12.8568394073938,100.972962748577,9.186352,9.84252,154.3,-0.2,85,4.106
239400,12.8568349747823,100.972965367187,8.858268,9.84252,154.1,-0.2,85,4.106
239500,12.8568316886084,100.972967066665,8.858268,9.84252,154.2,-0.5,85,4.106
239600,12.8568286676493,100.972968633121,8.858268,9.84252,154.4,0.2,85,4.106
239700,12.8568254392786,100.972970315148,8.858268,9.84252,154.3,1.4,85,4.106
239800,12.8568221136703,100.972972123939,8.858268,9.84252,154.3,1,85,4.106
239900,12.8568189075767,100.972974020867,8.858268,9.84252,154.6,1.5,85,4.106
240000,12.8568158056906,100.972975684141,8.858268,9.84252,154.6,1.6,85,4.108
240100,12.8568137657974,100.972976807718,8.858268,9.84252,154.4,2.3,85,4.108
240200,12.8568112898721,100.972978190362,8.858268,9.84252,154.1,2.3,85,4.108
240300,12.8568088838005,100.972979602724,8.858268,9.84252,154.3,2.7,85,4.108
240400,12.8568051846531,100.972981578738,8.530184,9.84252,154.4,2.3,85,4.108
240500,12.856801365952,100.972983593046,8.530184,9.84252,154.1,2.1,85,4.108
240600,12.8567978016007,100.972985466477,8.530184,9.84252,154,2.4,85,4.108
240700,12.8567980761564,100.972985435564,8.530184,9.84252,154,2.4,85,4.108
240800,12.8567963882807,100.972986344397,8.530184,9.84252,154,2.1,85,4.108
240900,12.8567936452124,100.972987766829,8.530184,9.84252,153.9,1.4,85,4.108
241000,12.8567903855104,100.972989445517,8.530184,9.84252,154,1.3,85,4.104
241100,12.8567847409978,100.972992108256,8.530184,9.84252,154.5,1.4,85,4.104
241200,12.8567795319703,100.9729947201,8.530184,9.84252,154.5,0,85,4.104
241300,12.8567749031638,100.972997120662,8.2021,9.84252,154.6,0.1,85,4.104
241400,12.856771167409,100.972999056114,8.2021,9.84252,155,1.6,85,4.104
241500,12.8567649955737,100.973002239166,8.2021,9.84252,154.6,1.9,84,4.104
241600,12.8567625157401,100.97300346754,8.2021,9.84252,154.3,1.9,84,4.104
241700,12.8567600900816,100.973004630625,8.2021,9.84252,154.2,1.9,84,4.104
241800,12.8567578566902,100.973005736732,8.2021,9.84252,154.1,1.5,84,4.104
241900,12.8567556017577,100.973006842911,8.2021,9.84252,154,0.9,84,4.104
242000,12.8567544747898,100.973007242925,8.530184,9.84252,153.9,0.9,84,4.104
242100,12.8567540373181,100.973007495981,8.530184,9.84252,154.1,0.9,84,4.104
242200,12.8567529885481,100.973008025292,8.530184,9.84252,154.2,0.8,84,4.105
242300,12.8567503528203,100.973009333103,8.530184,9.84252,154.2,1.1,84,4.105
242400,12.8567490461829,100.973009712925,8.530184,9.84252,154.2,1,84,4.105
242500,12.8567460173812,100.973011150823,8.530184,9.84252,154.3,0.7,84,4.105
242600,12.856743153756,100.973012557315,8.530184,9.84252,154.3,0.6,84,4.105
242700,12.8567410765128,100.973013554882,8.530184,9.84252,154.3,0.7,84,4.105
242800,12.8567404186605,100.973013730057,8.530184,9.84252,154.2,0.8,84,4.105
242900,12.8567378491517,100.97301499162,8.530184,9.84252,154.3,0.6,84,4.105
243000,12.856734847708,100.973016481566,8.530184,9.84252,154.2,1.1,84,4.105
243100,12.8567304534333,100.973018628984,8.530184,9.84252,154.1,0.9,84,4.105
243200,12.8567253212064,100.973021147173,8.2021,9.84252,154.1,1.1,84,4.105
243300,12.8567170209687,100.973025243382,8.2021,9.84252,154.1,1.2,84,4.105
243400,12.8567128970971,100.973027331477,8.2021,9.84252,154.1,0.9,84,4.105
243500,12.8567085537015,100.973029544053,8.2021,9.84252,154,0.8,84,4.105
243600,12.8567046998911,100.973031560761,8.530184,9.84252,154.1,1.7,84,4.105
243700,12.8567013764616,100.973033555948,8.530184,10.170604,154,1.8,84,4.105
243800,12.8566974547712,100.973035553605,8.530184,10.170604,154,2,84,4.105
243900,12.8566932108572,100.973037686014,8.530184,10.170604,154,1.9,84,4.105
244000,12.856689127564,100.973039751359,8.530184,10.170604,154,1.9,84,4.107
244100,12.8566895137137,100.973039554208,8.530184,10.170604,154,1.9,84,4.107
244200,12.8566855730844,100.973041553438,8.530184,10.170604,154,1.7,84,4.107
244300,12.8566801082346,100.97304431441,8.530184,10.170604,154.4,2.1,84,4.107
244400,12.8566753889992,100.973046679973,8.530184,10.498688,155,1,84,4.107
244500,12.8566680588394,100.973050333478,8.530184,10.498688,154.1,-0.4,84,4.107
244600,12.8566641846572,100.973052313095,8.2021,10.498688,154.2,0,84,4.107
244700,12.8566630815981,100.973053079521,8.2021,10.826772,154.3,0.4,84,4.107
244800,12.8566615387093,100.973054084268,8.2021,10.826772,154.7,1.1,84,4.107
244900,12.8566579678166,100.973055963542,8.2021,10.826772,154.6,2,84,4.107
245000,12.8566568297606,100.973056688933,8.2021,10.826772,151.1,1.6,84,4.104
245100,12.8566548036294,100.973057577344,8.2021,11.154856,146.3,-1.1,84,4.104
245200,12.8566525499541,100.973058594586,8.530184,11.154856,144.1,-2.3,84,4.104
245300,12.8566506138074,100.973059474756,8.530184,11.154856,142.6,-2.4,84,4.104
245400,12.856649517337,100.973059329353,8.530184,11.154856,139.5,-2.5,84,4.104
245500,12.8566492098542,100.973059424413,8.858268,11.154856,137.8,-2.2,84,4.104
245600,12.8566492523566,100.973059342736,8.858268,11.154856,135.6,-1.6,84,4.104
245700,12.8566494301762,100.97305919518,9.186352,11.48294,131.1,-1.8,84,4.104
245800,12.8566507026195,100.973058127314,9.186352,11.48294,126.3,-1.6,84,4.104
245900,12.8566509114772,100.973057882676,9.186352,11.48294,121.7,-1.3,84,4.104
246000,12.8566510671206,100.973057682414,9.514436,11.48294,117.2,-1.2,84,4.101
246100,12.8566512300188,100.973057407205,9.514436,11.48294,112.3,-0.7,84,4.101
246200,12.8566510725173,100.973057126943,9.514436,11.48294,107.4,-0.3,84,4.101
246300,12.8566511572208,100.973057058473,9.514436,11.48294,102.7,0,84,4.101
246400,12.8566511349404,100.973056977472,9.514436,11.48294,97.9,0.6,84,4.101
246500,12.8566511163843,100.973056878553,9.84252,11.48294,93.1,0.7,84,4.101
246600,12.8566512070789,100.973056788317,9.84252,11.48294,88.7,0.8,84,4.101
246700,12.8566506899225,100.973056991988,9.84252,11.154856,86.5,1,84,4.101
246800,12.8566500313163,100.973057408611,9.84252,11.154856,85.6,0.6,84,4.101
246900,12.8566499727183,100.973057936094,9.84252,11.154856,85.4,0.2,84,4.101
247000,12.8566499874492,100.973058650966,9.84252,11.154856,85.3,0,84,4.103
247100,12.8566496106664,100.973059662434,9.84252,11.154856,85.4,0.1,84,4.103
247200,12.8566495703135,100.973060716346,9.84252,11.154856,85.5,0.7,84,4.103
247300,12.856649618509,100.973061953788,9.84252,11.154856,85.4,0.7,84,4.103
247400,12.8566496663071,100.973063438531,9.84252,11.154856,85.3,0.6,84,4.103
247500,12.8566496532307,100.973065297955,9.84252,11.154856,85.4,0.4,84,4.103
247600,12.8566497604539,100.973066662699,9.84252,11.154856,85.3,0,84,4.103
247700,12.8566498712956,100.973067832963,9.84252,11.154856,85.3,0,84,4.103
247800,12.8566500055217,100.973068758686,9.84252,11.154856,85.4,0.3,84,4.103
247900,12.8566503542204,100.973069718151,9.84252,11.154856,85.4,0.6,84,4.103
248000,12.8566504337471,100.973070322013,9.84252,11.154856,85.4,0.7,84,4.098
248100,12.8566504645003,100.973070562671,9.84252,11.154856,85.5,0.7,84,4.098
248200,12.8566505648189,100.973071055672,9.84252,11.154856,85.5,0.7,84,4.098
248300,12.8566507036422,100.973071777741,9.84252,10.826772,85.4,0.7,84,4.098
248400,12.8566509364673,100.973071780272,9.84252,10.826772,85.3,0.9,84,4.098
248500,12.8566511176122,100.97307232829,9.84252,10.826772,85.3,0.9,84,4.098
248600,12.8566512696046,100.973073023338,9.84252,10.826772,85.3,0.8,84,4.098
248700,12.8566512934369,100.97307371763,9.84252,10.826772,85.4,1,84,4.098
248800,12.8566512487573,100.973074515717,9.84252,10.826772,85.5,0.9,84,4.098
248900,12.8566513743543,100.973075381625,9.84252,10.826772,85.5,0.7,84,4.098
249000,12.8566514748342,100.973075977534,9.84252,10.826772,85.7,0.9,84,4.1
249100,12.8566515719595,100.973076461915,9.84252,10.826772,85.5,1,84,4.1
249200,12.8566515510567,100.973077446495,9.84252,10.826772,85.3,0.9,84,4.1
249300,12.8566515981465,100.973078154645,9.84252,10.826772,85.3,0.9,84,4.1
249400,12.856651709449,100.973078906309,9.84252,10.826772,85.4,1,84,4.1
249500,12.8566518563167,100.973079813279,9.84252,10.826772,85.3,0.9,84,4.1
249600,12.8566521818671,100.97308082553,9.84252,10.826772,85.4,1,84,4.1
249700,12.8566523521893,100.973081997964,9.84252,10.826772,85.5,0.8,84,4.1
249800,12.85665248203,100.973083038247,9.84252,10.826772,85.4,0.8,84,4.1
249900,12.8566526000776,100.973083925516,9.84252,10.826772,85.4,0.7,84,4.1
250000,12.8566526930422,100.973084474352,9.84252,10.826772,85.4,0.8,84,4.1
250100,12.8566527083463,100.973084474853,9.84252,10.826772,85.3,0.6,84,4.1
250200,12.8566527609988,100.973084753665,9.84252,10.498688,85.3,0.4,84,4.1
250300,12.8566528269996,100.973085371244,9.84252,10.498688,85.3,0.4,84,4.1
250400,12.8566528802595,100.97308620274,9.84252,10.498688,85.3,0.6,84,4.099
250500,12.8566528572659,100.973087573706,9.84252,10.826772,85.3,0.8,84,4.099
250600,12.8566529656746,100.97308874621,9.514436,10.826772,85.3,1.1,84,4.099
250700,12.8566530643942,100.97308965826,9.514436,10.826772,85.5,1.2,84,4.099
250800,12.8566531398188,100.973090414695,9.84252,10.498688,85.3,0.6,84,4.099
250900,12.8566531998091,100.973090660568,9.514436,10.498688,85.3,0.1,84,4.099
251000,12.8566532781128,100.973091407021,9.514436,10.170604,85.2,0.2,84,4.099
251100,12.8566534251564,100.9730923778,9.514436,10.170604,85.2,0.1,84,4.099
251200,12.8566535689985,100.973093262447,9.186352,9.84252,85.2,0,84,4.099
251300,12.8566538838581,100.973094972127,8.858268,9.514436,85.3,0.1,84,4.099
251400,12.8566539075553,100.973095318196,8.858268,9.514436,85.3,0,84,4.081
251500,12.8566539115107,100.973095540554,8.530184,9.186352,85.4,-0.1,84,4.081
251600,12.8566539554185,100.973095409579,8.2021,8.858268,85.4,-0.2,84,4.081
251700,12.856654002005,100.973095237955,7.874016,8.530184,85.5,-0.2,84,4.081
251800,12.8566539457227,100.973094579484,7.545932,8.2021,85.5,-0.4,84,4.081
251900,12.8566539339588,100.973094345918,7.217848,7.874016,85.6,-0.6,84,4.081
252000,12.8566539565193,100.973094387091,7.217848,7.545932,85.7,0.1,84,4.081
252100,12.8566539871503,100.973094723121,6.889764,7.545932,85.6,0.2,84,4.081
252200,12.8566538668116,100.973094866055,6.889764,7.545932,85.1,-0.1,84,4.081
252300,12.8566538977455,100.973095415594,6.889764,7.545932,85,-0.8,84,4.081
252400,12.8566539207229,100.973095825416,6.56168,7.217848,85.1,-0.9,84,4.082
252500,12.8566539527706,100.97309610631,6.56168,7.217848,85.1,-0.5,84,4.082
252600,12.8566539637643,100.973096559228,6.56168,6.889764,85.1,-0.4,84,4.082
252700,12.8566539617792,100.973096645251,6.233596,6.889764,85.2,0.1,84,4.082
252800,12.8566539491343,100.973096704974,6.233596,6.889764,85.1,0.3,84,4.082
252900,12.8566539842143,100.973096846977,6.233596,6.56168,85.1,0.5,84,4.082
253000,12.8566540511238,100.973097185876,5.905512,6.56168,85.2,0.1,84,4.082
253100,12.8566541805036,100.973097442034,5.905512,6.56168,85.3,0.2,84,4.082
253200,12.8566543089162,100.973097620684,5.905512,6.56168,85.3,0.8,84,4.082
253300,12.856654409388,100.973097698824,5.905512,6.233596,85.3,0.5,84,4.082
253400,12.8566545332148,100.973097899882,5.577428,6.233596,85.1,0.9,84,4.096
253500,12.8566547649668,100.973098602943,5.577428,6.233596,85.2,1.4,84,4.096
253600,12.8566548626833,100.973098939804,5.577428,6.233596,85.2,1.4,84,4.096
253700,12.8566549460938,100.973099215276,5.577428,6.233596,85.2,1.5,84,4.096
253800,12.8566550360572,100.973099360073,5.577428,6.233596,85.3,2.2,84,4.096
253900,12.8566550818392,100.973099475999,5.577428,6.233596,85.2,1.9,84,4.096
254000,12.8566551485419,100.973099522822,5.249344,5.905512,85,1.5,84,4.096
254100,12.8566551909727,100.973099524022,5.249344,5.905512,85.1,1.5,84,4.096
254200,12.8566552403976,100.973099487858,4.92126,5.577428,85.1,1.2,84,4.096
254300,12.8566552873277,100.973099383812,4.593176,5.249344,85.2,1.4,84,4.096
254400,12.856655313544,100.973099330341,4.593176,5.249344,85.4,1.4,84,4.096
254500,12.8566553300288,100.97309926409,4.265092,4.92126,85.2,1.1,84,4.114
254600,12.8566553621954,100.973099171028,4.265092,4.92126,85.2,0.6,84,4.114
254700,12.8566552491179,100.973099069056,4.265092,4.593176,85.2,1.2,84,4.114
254800,12.8566552436528,100.973098993595,3.937008,4.593176,85.1,1.4,84,4.114
254900,12.8566552797343,100.973099119108,3.937008,4.593176,85.1,1.5,84,4.114
255000,12.8566553685382,100.973099452225,3.937008,4.593176,85.5,1.7,84,4.114
255100,12.8566554972618,100.973099836247,3.608924,4.265092,85.5,1.7,84,4.114
255200,12.856655738055,100.973100153182,3.608924,4.265092,85.5,1.6,84,4.114
255300,12.8566558766421,100.973100323761,3.608924,4.265092,85.6,2.1,84,4.114
255400,12.8566559611208,100.973100643478,3.608924,3.937008,85.5,1.4,84,4.114
255500,12.8566560248647,100.973100950778,3.28084,3.937008,85.5,1.6,84,4.09
255600,12.8566561664627,100.973101461292,3.28084,3.937008,85.4,1.6,84,4.09
255700,12.856656210872,100.973101501446,3.28084,3.608924,85.4,1.2,84,4.09
255800,12.8566562159626,100.97310143591,3.28084,3.608924,85.4,1,84,4.09
255900,12.8566562112564,100.973101326104,2.952756,3.608924,85.3,0.9,84,4.09
256000,12.8566561463596,100.973101123922,2.952756,3.608924,85.3,1.2,84,4.09
256100,12.8566561349344,100.973101008888,2.952756,3.28084,85.3,1.2,84,4.09
256200,12.8566561062608,100.973100898458,2.952756,3.28084,85.3,1.1,84,4.09
256300,12.8566560747097,100.973100803433,2.952756,3.608924,85.3,1.2,84,4.09
256400,12.8566559289607,100.97310077711,2.952756,3.608924,85.4,0.8,84,4.09
256500,12.8566558874337,100.973100742163,3.28084,3.937008,85.4,0.7,84,4.091
256600,12.856655851621,100.973100664532,3.608924,4.265092,85.5,0.6,84,4.091
256700,12.8566558263345,100.973100683688,4.265092,4.92126,85.4,0.3,84,4.091
256800,12.8566558079364,100.973100739958,4.92126,5.249344,85.4,0.7,84,4.091
256900,12.856655793852,100.973100925857,5.577428,6.233596,85.3,0.5,84,4.091
257000,12.8566558064203,100.973100875343,5.905512,6.56168,85.3,0.6,84,4.091
257100,12.8566558869517,100.973100817141,6.56168,7.217848,85.4,0.6,84,4.091
257200,12.8566559145294,100.97310081323,6.889764,7.545932,85.4,0.6,84,4.091
257300,12.8566559573038,100.973100985457,7.217848,7.874016,85.3,0.4,84,4.091
257400,12.85665593119,100.973100979701,7.217848,8.2021,85.2,0,84,4.091
257500,12.8566559074196,100.973100967983,7.217848,8.2021,85.1,-0.2,84,4.101
257600,12.8566558466705,100.973100897246,7.217848,8.2021,85.1,-0.2,84,4.101
257700,12.8566557175349,100.973100848239,6.889764,7.874016,85.1,-0.1,84,4.101
257800,12.8566557165937,100.973100824263,6.889764,7.874016,85.1,0,84,4.101
257900,12.856655721624,100.973100805805,6.889764,7.874016,85,-0.2,84,4.101
258000,12.8566557212852,100.973100800379,7.217848,8.2021,85.1,-0.4,84,4.101
258100,12.8566557454579,100.973100959398,7.545932,8.530184,85.1,-0.4,84,4.101
258200,12.8566557841025,100.973100998646,7.874016,8.858268,85.1,0.8,84,4.101
258300,12.8566558350483,100.973101009477,8.530184,9.514436,85.2,1.3,84,4.101
258400,12.856655874981,100.973101060311,9.186352,10.170604,85.1,1.2,84,4.101
258500,12.8566559041351,100.973101102965,9.84252,10.826772,85.2,1.1,84,4.101
258600,12.8566559541218,100.973101239958,10.826772,11.811024,85.4,1.7,84,4.062
258700,12.8566559744334,100.973101224523,11.811024,12.467192,85.3,1.8,84,4.062
258800,12.8566559923837,100.97310120317,12.795276,13.451444,85.2,2,84,4.062
258900,12.8566559925612,100.973101165772,13.451444,14.107612,85.3,1.7,84,4.062
259000,12.8566559970183,100.973101173601,14.107612,15.091864,85.3,1.2,84,4.062
259100,12.8566560414748,100.973101225798,14.76378,15.419948,85.3,1,84,4.062
259200,12.8566560873106,100.973101254778,15.091864,16.076116,85.3,1.3,84,4.062
259300,12.8566561013722,100.97310120643,15.419948,16.4042,85.3,1.3,84,4.062
259400,12.8566562738016,100.973101391622,15.748032,16.4042,85.2,1.6,84,4.062
259500,12.8566563450151,100.973101430673,15.748032,16.732284,85.2,1.8,84,4.062
259600,12.8566563904927,100.97310141733,15.748032,16.732284,85.2,2,83,4.105
259700,12.8566564355761,100.973101394144,15.419948,16.4042,85.2,2.1,83,4.105
259800,12.8566564008707,100.973101357778,15.419948,16.076116,85.2,2.1,83,4.105
259900,12.8566564164305,100.973101347849,14.76378,15.748032,85.3,2.3,83,4.105
260000,12.8566564450797,100.973101329044,14.435696,15.419948,85.2,1.8,83,4.105
260100,12.8566564838448,100.97310130433,14.107612,14.76378,85.1,1.7,83,4.105
260200,12.8566565458462,100.973101258526,13.451444,14.107612,84.7,0.3,83,4.105
260300,12.8566566841386,100.973101218289,13.12336,13.451444,85,3.6,83,4.105
260400,12.8566567884209,100.973101188162,12.795276,13.12336,85.1,3.8,83,4.105
260500,12.8566568617269,100.973101162433,12.467192,12.795276,85.2,3.9,83,4.105
260600,12.8566568805094,100.973101134652,12.139108,12.467192,85.2,3.6,83,4.1
260700,12.8566569504169,100.97310136338,12.139108,12.467192,85.3,2.9,83,4.1
260800,12.8566569699256,100.973101466051,12.467192,12.467192,85.3,2.3,83,4.1
260900,12.8566569548495,100.973101478151,12.467192,12.795276,85.2,1.9,83,4.1
261000,12.856656890096,100.973101470796,12.795276,13.12336,85.3,1.6,83,4.1
261100,12.8566567452622,100.973101472268,13.12336,13.451444,85.3,1.4,83,4.1
261200,12.8566566431588,100.973101432786,13.12336,13.779528,85.2,1.2,83,4.1
261300,12.8566565683757,100.973101380212,13.451444,13.779528,85.2,1.2,83,4.1
261400,12.8566565120153,100.973101372387,13.451444,13.779528,85.2,1.1,83,4.1
261500,12.8566564709932,100.973101441943,13.12336,13.779528,85.3,1.3,83,4.1
261600,12.8566564633965,100.973101423142,13.12336,13.779528,85.3,1.4,83,4.095
261700,12.8566564661551,100.973101400102,12.795276,13.451444,85.3,1.4,83,4.095
261800,12.8566564297512,100.973101420932,12.139108,12.795276,85.3,0.9,83,4.095
261900,12.8566564000875,100.973101432681,11.811024,12.467192,85.2,0.5,83,4.095
262000,12.8566564164208,100.97310153917,11.48294,11.811024,85,0.5,83,4.095
262100,12.8566565216394,100.973101483177,10.826772,11.154856,84.9,2.3,83,4.095
262200,12.8566566181459,100.973101441099,10.498688,10.826772,85,3.3,83,4.095
262300,12.8566566350898,100.973101441222,10.170604,10.498688,85,3.2,83,4.095
262400,12.8566566543364,100.97310163108,10.170604,10.170604,85,2.7,83,4.095
262500,12.8566566174538,100.973101734647,9.84252,10.170604,85.1,2.2,83,4.095
262600,12.8566565744775,100.973101788988,9.84252,10.170604,85.1,1.9,83,4.067
262700,12.8566565154025,100.973101835732,9.84252,10.170604,85.2,1.6,83,4.067
262800,12.8566563973598,100.973101945234,9.84252,10.170604,85.1,1.5,83,4.067
262900,12.8566563404506,100.973102103836,9.514436,10.170604,84.9,1.3,83,4.067
263000,12.8566563236027,100.973102449014,9.514436,10.170604,84.9,1.3,83,4.067
263100,12.8566563573131,100.973103093055,9.514436,10.170604,85,1.4,83,4.067
263200,12.8566564394584,100.973104022649,9.514436,10.170604,85.1,1.7,83,4.067
263300,12.856656501305,100.973105167974,9.514436,10.170604,85.1,1.8,83,4.067
263400,12.8566565787392,100.973106549458,9.514436,10.170604,85,1.9,83,4.067
263500,12.8566566818441,100.973108237055,9.186352,10.170604,85,2.1,83,4.067
263600,12.8566568453073,100.973110161488,9.186352,10.170604,84.9,2.2,83,4.088
263700,12.8566571193777,100.97311291203,9.186352,10.170604,85,2.1,83,4.088
263800,12.8566573570637,100.973115340079,9.186352,10.170604,85,2,83,4.088
263900,12.8566576133955,100.973118028868,9.186352,10.170604,85,2.1,83,4.088
264000,12.8566578381077,100.973120516223,8.858268,10.170604,85,2.1,83,4.088
264100,12.856658320049,100.973121905681,8.858268,10.170604,85,2.3,83,4.088
264200,12.8566587283732,100.973124545866,8.858268,10.170604,84.9,2.7,83,4.088
264300,12.8566591900517,100.973128109172,8.858268,10.170604,84.8,2.6,83,4.088
264400,12.8566596096138,100.973131694803,8.530184,10.170604,84.8,2.8,83,4.088
264500,12.8566602851966,100.973136828357,8.530184,10.170604,84.7,2.8,83,4.088
264600,12.8566606703676,100.973140581049,8.530184,9.84252,84.7,2.8,83,4.088
264700,12.8566607622558,100.973141274115,8.530184,9.84252,84.7,2.7,83,4.091
264800,12.8566612859047,100.973146078227,8.530184,9.84252,84.7,2.5,83,4.091
264900,12.8566619443579,100.97315048497,8.530184,9.84252,83.5,2.4,83,4.091
265000,12.8566623068837,100.973154275637,8.2021,9.84252,80.4,2.4,83,4.091
265100,12.8566626777032,100.97315794665,8.2021,9.84252,78.6,2.2,83,4.091
265200,12.8566631069318,100.973162364063,8.2021,9.84252,76,2.6,83,4.091
265300,12.8566636159508,100.973167642466,8.2021,9.84252,73,2.1,83,4.091
265400,12.8566641528268,100.973173056089,8.2021,10.170604,71.1,1.6,83,4.091
265500,12.8566647533114,100.973178358417,8.2021,10.170604,67.8,1.9,83,4.091
265600,12.8566653877329,100.973183174896,8.2021,10.170604,65.7,1.2,83,4.091
265700,12.8566661205351,100.97318825012,8.2021,10.170604,62.7,1,83,4.09
265800,12.8566669968139,100.973193503907,8.2021,10.170604,58.2,1.2,83,4.09
265900,12.8566678752633,100.973198833059,8.2021,10.170604,54.6,0.6,83,4.09
266000,12.8566687548779,100.97320361925,7.874016,9.84252,51.7,0,83,4.09
266100,12.8566695019478,100.973206597549,7.874016,9.84252,47.2,0.2,83,4.09
266200,12.8566703960523,100.973209137632,7.874016,9.84252,42.5,0,83,4.09
266300,12.8566718595308,100.973215133286,7.874016,9.84252,37.8,-0.4,83,4.09
266400,12.856673469834,100.973221058471,7.874016,9.84252,33.2,-0.8,83,4.09
266500,12.8566753053147,100.973227141392,7.874016,9.84252,29.6,-1.5,83,4.09
266600,12.8566774608205,100.973234000652,7.545932,9.84252,25.8,-1.5,83,4.09
266700,12.8566788926047,100.97323662319,7.545932,9.84252,22.4,-1.9,83,4.088
266800,12.8566804502255,100.973238650477,7.545932,9.84252,21.1,-2.2,83,4.088
266900,12.8566825263784,100.973242192191,7.545932,9.84252,16.9,-1.5,83,4.088
267000,12.8566853234683,100.973247887949,7.545932,9.84252,12.2,-1.1,83,4.088
267100,12.8566892203023,100.973254562047,7.545932,9.84252,7.5,-1.4,83,4.088
267200,12.8566926736824,100.973260694753,7.545932,9.84252,4.8,-2.1,83,4.088
267300,12.8566962591106,100.973266228104,7.874016,9.84252,2.4,-2.4,83,4.088
267400,12.8566996850881,100.973270790751,7.874016,9.84252,359.8,-2.1,83,4.088
267500,12.856703867214,100.973276117091,7.874016,9.84252,357.9,-2.1,83,4.088
267600,12.8567070935084,100.973279569157,7.874016,9.84252,354,-1.5,83,4.088
267700,12.8567101222025,100.973282046336,7.874016,9.84252,351.7,-2.2,83,4.088
267800,12.856713515261,100.973284867018,8.2021,9.84252,348.7,-1.8,83,4.088
267900,12.8567165140439,100.973286133722,8.2021,9.84252,344.2,-1.3,83,4.088
268000,12.8567202597028,100.973289068296,8.2021,10.170604,339.9,-1.9,83,4.088
268100,12.8567228389269,100.973290353278,8.2021,10.170604,335.4,-2.1,83,4.088
268200,12.8567280652062,100.973294128549,8.530184,10.170604,330.6,-2,83,4.088
268300,12.8567337659261,100.973298029566,8.530184,10.170604,325.9,-1.9,83,4.088
268400,12.8567382478469,100.973300518195,8.530184,10.170604,320.7,-2.4,83,4.088
268500,12.856742965332,100.97330298235,8.530184,10.170604,314.3,-18.8,83,4.088
268600,12.8567472626003,100.973305101228,8.530184,10.170604,310.9,-19.3,83,4.088
268700,12.8567487363551,100.973305245814,8.858268,9.84252,306.6,-19.4,83,4.088
268800,12.8567474940608,100.973303343516,8.858268,9.84252,303.1,-18.9,83,4.089
268900,12.8567515528597,100.973305161544,9.186352,9.84252,300.5,-20.4,83,4.089
269000,12.8567540759904,100.973306227089,9.514436,9.84252,299.7,-19.7,83,4.089
269100,12.8567556301708,100.973307053568,9.84252,9.84252,296.9,-19.4,83,4.089
269200,12.8567614581635,100.973310606477,9.84252,9.84252,294.5,-18.6,83,4.089
269300,12.8567639239403,100.973311703411,10.170604,9.84252,293.1,-18.3,83,4.089
269400,12.8567650194076,100.973312099014,10.170604,9.84252,290.7,-18.1,83,4.089
269500,12.8567658507609,100.973312367694,10.170604,9.84252,287.4,-16.6,83,4.089
269600,12.856764501595,100.97331196137,10.170604,9.84252,285.8,-11.8,83,4.089
269700,12.8567644452769,100.973311914692,10.170604,9.84252,283.7,-7.8,83,4.089
269800,12.8567644503902,100.973311882689,10.170604,9.84252,279.4,-5,83,4.081
269900,12.8567643661801,100.973311810563,10.170604,9.84252,276.7,-3,83,4.081
270000,12.8567631524487,100.973311532411,10.170604,9.84252,273.4,-1.5,83,4.081
270100,12.8567626569979,100.973311372464,9.84252,9.84252,269.9,-0.7,83,4.081
270200,12.8567625319855,100.973311237299,9.84252,9.84252,268.2,0.1,83,4.081
270300,12.8567623918481,100.973310896545,9.84252,9.84252,267.6,0.1,83,4.081
270400,12.8567623769641,100.973310352384,9.84252,9.84252,267.4,0,83,4.081
270500,12.8567627027116,100.97330977984,9.84252,9.84252,267.4,-0.2,83,4.081
270600,12.856762586154,100.973308715964,9.84252,9.84252,267.4,-0.2,83,4.081
270700,12.8567626251585,100.973307529857,9.84252,9.84252,267.2,-0.2,83,4.081
270800,12.8567626744613,100.973306150631,9.84252,9.84252,265.1,-0.1,83,4.082
270900,12.8567627834759,100.97330456284,9.84252,9.84252,260.7,-0.3,83,4.082
271000,12.8567626929995,100.973303077077,9.84252,9.84252,256.8,-0.6,83,4.082
271100,12.8567626397494,100.973301686349,9.84252,9.84252,255,-0.4,83,4.082
271200,12.8567624317124,100.973299489951,9.84252,9.84252,254.2,-0.4,83,4.082
271300,12.8567621759751,100.973296677502,9.84252,9.84252,253,-0.1,83,4.082
271400,12.856761813998,100.973294463828,9.84252,9.84252,251.5,0,83,4.082
271500,12.8567613635899,100.973291946412,9.84252,9.84252,250.7,-0.2,83,4.082
271600,12.8567608731287,100.973289439225,9.84252,9.84252,250.7,-0.3,83,4.082
271700,12.8567601356324,100.973286625678,9.84252,9.84252,250.6,-0.4,83,4.082
271800,12.8567594631763,100.973283707272,9.514436,10.170604,250.7,-0.1,83,4.084
271900,12.8567587020806,100.97328049393,9.514436,10.170604,250.6,-0.1,83,4.084
272000,12.8567579990162,100.973277649584,9.514436,10.170604,250.6,-0.3,83,4.084
272100,12.8567572394839,100.973275213618,9.514436,10.170604,250.6,-0.1,83,4.084
272200,12.8567562460679,100.973273354071,9.514436,10.170604,250.5,0,83,4.084
272300,12.856755167354,100.973269284066,9.514436,9.84252,247.8,0.4,83,4.084
272400,12.8567540721408,100.973265275387,9.186352,9.84252,243.3,0.6,83,4.084
272500,12.8567528792143,100.973260997334,9.186352,9.84252,238.5,0.3,83,4.084
272600,12.8567512065157,100.973255286857,9.186352,9.84252,233.7,0,83,4.084
272700,12.8567503618028,100.9732529906,9.186352,10.170604,229.2,-0.2,83,4.084
272800,12.856749168961,100.973249917547,9.186352,10.170604,226.9,-1.1,83,4.086
272900,12.8567474945819,100.973244976731,9.186352,10.170604,224.2,-8.7,83,4.086
273000,12.8567462705066,100.97324206887,9.186352,10.170604,224.1,-10.2,83,4.086
273100,12.8567452345491,100.973238943542,8.858268,10.170604,222.8,-10.7,83,4.086
273200,12.8567441321968,100.973235679673,8.858268,10.170604,220.3,-9.1,83,4.086
273300,12.856742940078,100.973232346543,8.858268,10.498688,219.3,-10.4,83,4.086
273400,12.8567413316965,100.973227655474,8.858268,10.498688,219.2,-9,83,4.086
273500,12.8567401048463,100.973224889243,8.858268,10.498688,218.8,-6.1,83,4.086
273600,12.8567388263093,100.973222762387,8.858268,10.498688,218.5,-3.9,83,4.086
273700,12.8567374045149,100.973220642758,8.858268,10.498688,216.5,-2,83,4.086
273800,12.8567361189951,100.973219292452,8.858268,10.498688,213.1,-0.7,83,4.08
273900,12.856735121736,100.973220012706,8.858268,10.498688,211.3,-1.3,83,4.08
274000,12.856733563035,100.973218402546,8.858268,10.498688,210.8,-1.5,83,4.08
274100,12.8567320195307,100.973217210674,8.858268,10.498688,211.5,-1.6,83,4.08
274200,12.8567301311935,100.973215564087,8.858268,10.498688,215.1,-2.4,83,4.08
274300,12.8567278784595,100.973213692717,8.858268,10.170604,219.6,-2.3,83,4.08
274400,12.8567251700705,100.973211037218,8.858268,10.170604,222.5,-1,83,4.08
274500,12.8567222518109,100.973208254057,8.858268,10.170604,223.7,-0.4,83,4.08
274600,12.8567195299612,100.973205793891,8.858268,10.170604,224.8,-0.3,83,4.08
274700,12.8567186545814,100.973204437266,8.858268,10.170604,227.8,-0.7,83,4.08
274800,12.8567162687155,100.9732020401,8.858268,10.170604,229.3,-0.5,83,4.08
274900,12.8567127462967,100.973198637621,8.858268,10.170604,229.6,-0.2,83,4.082
275000,12.8567098911621,100.973195898689,8.858268,10.170604,229.7,-0.2,83,4.082
275100,12.8567058174206,100.973191720284,8.858268,10.498688,229.8,-0.4,83,4.082
275200,12.8567024273177,100.973188411077,8.858268,10.498688,232,-0.6,83,4.082
275300,12.85669866648,100.973184740882,8.858268,10.170604,234.7,-0.4,83,4.082
275400,12.8566951757817,100.973181296393,8.858268,10.170604,236.2,0.1,83,4.082
275500,12.8566915341022,100.973177650068,9.186352,10.498688,239.5,0,83,4.082
275600,12.8566875200211,100.973173516849,9.186352,10.498688,244.2,2.2,83,4.082
275700,12.8566834284859,100.973169275557,9.186352,10.498688,248.3,7.4,83,4.082
275800,12.8566806665694,100.973166385478,8.858268,10.826772,249.9,8.2,83,4.082
275900,12.8566780901803,100.973163685485,8.858268,10.826772,249.6,5.7,82,4.084
276000,12.8566766272832,100.973162166276,8.858268,10.826772,249.3,4.8,82,4.084
276100,12.85667526693,100.973160865818,8.858268,10.826772,249.1,4,82,4.084
276200,12.856673678241,100.973159213494,9.186352,10.826772,249.4,6,82,4.084
276300,12.8566718911031,100.973157364018,9.186352,10.826772,249.5,7.9,82,4.084
276400,12.8566710276557,100.973156077826,9.186352,10.826772,249.9,9.1,82,4.084
276500,12.8566698407789,100.973154903576,9.186352,11.154856,249.9,8.8,82,4.084
276600,12.8566690460225,100.973154127848,9.514436,11.154856,249.8,7.5,82,4.084
276700,12.8566694209864,100.973154487832,9.514436,11.154856,249.8,5.4,82,4.084
276800,12.8566730218901,100.973157998754,9.84252,11.154856,249.6,3.3,82,4.084
276900,12.85667384648,100.973158893708,9.84252,11.154856,249.2,2.2,82,4.08
277000,12.8566740055566,100.973159067013,9.84252,11.48294,249.1,1.9,82,4.08
277100,12.8566733170106,100.973158041217,10.170604,11.48294,249.1,1.2,82,4.08
277200,12.8566726317316,100.973156978172,10.170604,11.154856,248.9,0.8,82,4.08
277300,12.8566706275454,100.973153956346,9.84252,11.154856,249,0.5,82,4.08
277400,12.8566705393342,100.973153707073,9.84252,10.826772,249,0.1,82,4.08
277500,12.8566705167224,100.973153555842,9.514436,10.498688,249,-0.4,82,4.08
277600,12.8566705972889,100.97315348649,9.186352,10.170604,249,-1.2,82,4.08
277700,12.8566706031366,100.97315319525,9.186352,9.84252,249,-1.9,82,4.08
277800,12.8566706674536,100.97315311434,8.858268,9.514436,249.1,-1.9,82,4.08
277900,12.856670700989,100.97315301733,8.530184,9.514436,249.2,-1.9,82,4.1
278000,12.8566706943051,100.973152926674,8.2021,9.186352,249.1,-1.7,82,4.1
278100,12.856670700542,100.97315258729,8.2021,8.858268,249.1,-0.8,82,4.1
278200,12.8566706370824,100.973152385574,8.2021,8.858268,249.2,-0.5,82,4.1
278300,12.8566705009428,100.973152019565,8.2021,8.858268,249.1,-0.5,82,4.1
278400,12.8566702221125,100.973151408166,7.874016,8.858268,249.1,-0.6,82,4.1
278500,12.8566697468202,100.973150459255,7.874016,8.530184,249.1,-0.3,82,4.1
278600,12.8566693239768,100.973149459105,7.545932,8.2021,249,-0.3,82,4.1
278700,12.8566688581107,100.97314840042,7.217848,8.2021,248.9,-0.2,82,4.1
278800,12.856668239591,100.973146981722,6.889764,7.874016,248.9,-0.8,82,4.1
278900,12.8566676417974,100.973145515713,6.889764,7.545932,248.7,0,82,4.1
279000,12.8566670312587,100.973144067263,6.56168,7.545932,248.6,-0.3,82,4.098
279100,12.8566665243363,100.97314253385,6.56168,7.217848,248.8,-0.3,82,4.098
279200,12.856666086819,100.973141309908,6.56168,7.217848,248.9,-0.6,82,4.098
279300,12.8566656890886,100.973140310436,6.233596,7.217848,249,-0.5,82,4.098
279400,12.8566650450545,100.973138292814,6.233596,6.889764,249.2,0.1,82,4.098
279500,12.8566648110878,100.97313754613,6.233596,6.889764,249.3,-0.2,82,4.098
279600,12.8566647855131,100.973137324831,6.233596,6.889764,249.5,-0.5,82,4.098
279700,12.8566648393625,100.973137294223,6.233596,6.889764,251.3,-0.5,82,4.098
279800,12.8566650669538,100.973138204036,6.233596,6.889764,254.8,0,82,4.098
279900,12.8566650396676,100.973138250815,6.233596,6.889764,256.6,0,82,4.098
280000,12.8566650375164,100.97313823765,6.233596,6.889764,258.6,-0.4,82,4.078
280100,12.8566650999827,100.973138352432,6.233596,6.889764,262.3,-0.1,82,4.078
280200,12.8566651331574,100.97313838592,6.233596,6.889764,264.4,0,82,4.078
280300,12.8566651138172,100.97313829888,6.233596,6.889764,265.4,-0.1,82,4.078
280400,12.8566650755113,100.973138154483,6.233596,6.889764,267.9,-0.2,82,4.078
280500,12.8566650506189,100.973138054312,6.233596,6.889764,270.8,0,82,4.078
280600,12.8566650586879,100.973138051722,6.233596,6.889764,272.1,-0.3,82,4.078
280700,12.8566649886835,100.973137771144,6.233596,6.889764,273.8,-0.4,82,4.078
280800,12.8566650014065,100.973137703482,6.233596,6.889764,275.3,-0.7,82,4.078
280900,12.8566650146889,100.973137687788,6.233596,6.889764,275.9,-0.9,82,4.078
281000,12.8566649994703,100.973137662085,6.233596,6.889764,276,-0.8,82,4.081
281100,12.8566647894539,100.973137046439,6.233596,6.889764,276.1,-0.5,82,4.081
281200,12.8566647121191,100.973136887778,6.233596,6.56168,276.1,-0.4,82,4.081
281300,12.8566646674509,100.973136816013,6.233596,6.56168,276.2,-0.1,82,4.081
281400,12.8566646356059,100.973136777944,5.905512,6.56168,276.1,-0.2,82,4.081
281500,12.85666459343,100.973136602196,5.905512,6.233596,276,0,82,4.081
281600,12.8566645855158,100.973136611454,5.577428,5.905512,276,-0.2,82,4.081
281700,12.8566645917714,100.973136636776,5.249344,5.905512,275.9,-0.2,82,4.081
281800,12.8566645758721,100.973136639353,5.249344,5.577428,275.8,-0.1,82,4.081
281900,12.8566645798341,100.973136499422,4.92126,5.249344,275.9,0,82,4.081
282000,12.8566645948134,100.973136200576,4.92126,5.249344,275.9,0,82,4.094
282100,12.8566646103788,100.973135783085,4.593176,5.249344,275.8,0,82,4.094
282200,12.8566646429298,100.973135428145,4.593176,4.92126,275.8,-0.3,82,4.094
282300,12.8566646913996,100.973135147883,4.593176,4.92126,275.9,-0.5,82,4.094
282400,12.85666463866,100.973134624919,4.593176,4.92126,275.9,-0.5,82,4.094
282500,12.8566646014029,100.973134044366,4.593176,4.92126,275.9,-0.1,82,4.094
282600,12.8566646092699,100.973133514671,4.593176,4.92126,276,-0.2,82,4.094
282700,12.8566647405225,100.97313315169,4.265092,4.92126,276.1,0,82,4.094
282800,12.8566649423966,100.973132682045,4.265092,4.593176,276.1,0.2,82,4.094
282900,12.8566649738883,100.973132379373,4.265092,4.593176,276.1,0.2,82,4.094
283000,12.8566649897159,100.973132209942,4.265092,4.593176,276.2,0.3,82,4.097
283100,12.8566649238665,100.973132198725,3.937008,4.265092,276.2,0.3,82,4.097
283200,12.8566647355297,100.973132405043,3.937008,4.265092,276.3,0.3,82,4.097
283300,12.8566646892045,100.973132432409,3.608924,4.265092,276.3,0.2,82,4.097
283400,12.856664644656,100.973132434779,3.608924,3.937008,276.4,0.1,82,4.097
283500,12.8566646249363,100.973132365577,3.608924,3.937008,276.3,0.1,82,4.097
283600,12.8566645898564,100.973132121667,3.608924,3.937008,276.3,0.2,82,4.097
283700,12.8566645912634,100.973132119536,3.608924,3.937008,276.3,0.4,82,4.097
283800,12.8566645724174,100.973132109973,3.608924,3.937008,276.2,0.4,82,4.097
283900,12.8566645459128,100.973132093912,3.608924,3.937008,276.2,0.2,82,4.097
284000,12.8566645366543,100.973132098011,3.28084,3.608924,276.1,0.1,82,4.077
284100,12.8566645417831,100.973132078473,3.28084,3.608924,276.1,0.1,82,4.077
284200,12.8566645791078,100.973132135847,3.28084,3.608924,276.2,0,82,4.077
284300,12.8566646108755,100.973132197547,2.952756,3.28084,276.2,-0.1,82,4.077
284400,12.8566646447268,100.973132225513,2.952756,3.28084,276,-0.1,82,4.077
284500,12.8566647042016,100.973132291391,2.952756,3.28084,273.1,-0.2,82,4.077
284600,12.8566647378176,100.973132314354,2.952756,3.28084,270.4,-0.6,82,4.077
284700,12.8566647468498,100.973132344242,2.952756,3.28084,269.2,-0.4,82,4.077
284800,12.8566647392808,100.973132367043,2.952756,3.28084,267.8,-0.2,82,4.077
284900,12.8566647010669,100.973132367693,2.952756,3.28084,265.4,-0.3,82,4.077
285000,12.8566647289947,100.973132390694,2.952756,3.28084,264.6,-0.5,82,4.079
285100,12.8566647680708,100.973132403132,2.952756,3.28084,267,-0.6,82,4.079
285200,12.856664779474,100.973132406979,2.952756,3.28084,269.8,-0.3,82,4.079
285300,12.8566648011266,100.973132342575,2.952756,3.28084,271,-0.3,82,4.079
285400,12.8566648415886,100.973132338921,2.952756,3.28084,271.1,-0.4,82,4.079
285500,12.8566648821841,100.973132336221,2.952756,3.28084,271.2,-0.4,82,4.079
285600,12.8566648850835,100.973132324126,2.952756,3.28084,271.3,-0.3,82,4.079
285700,12.8566648870784,100.973132310751,2.952756,3.28084,271.4,-0.3,82,4.079
285800,12.8566648658736,100.973132200282,2.952756,3.28084,271.4,-0.3,82,4.079
285900,12.8566648593842,100.973132196222,2.952756,3.28084,271.1,-0.3,82,4.079
286000,12.8566648640717,100.973132204272,2.952756,3.28084,268.3,-0.6,82,4.077
286100,12.856664860446,100.973132216014,2.952756,3.28084,266.4,-0.6,82,4.077
286200,12.856664822789,100.973132371412,2.952756,3.28084,264.2,-0.5,82,4.077
286300,12.8566648214863,100.97313243494,2.952756,3.28084,260.6,-0.5,82,4.077
286400,12.8566648696939,100.973132456368,2.952756,3.28084,259,-0.6,82,4.077
286500,12.8566649156225,100.973132475763,2.952756,3.28084,255.9,-0.5,82,4.077
286600,12.8566650001909,100.97313247439,2.952756,3.28084,254.2,-0.6,82,4.077
286700,12.8566650019154,100.973132408073,2.952756,3.28084,253.5,-0.4,82,4.077
286800,12.8566650078926,100.973132432934,2.952756,3.28084,253.4,-0.3,82,4.077
286900,12.8566650294231,100.97313249865,2.952756,3.28084,253.3,-0.4,82,4.077
287000,12.8566650493943,100.973132619394,2.952756,3.28084,253.3,-0.5,82,4.077
287100,12.8566651120845,100.973132811172,2.952756,3.28084,253.4,-0.4,82,4.077
287200,12.8566651692445,100.973132978229,2.952756,3.28084,253.4,-0.5,82,4.077
287300,12.8566652215437,100.973133119566,2.624672,3.28084,253.4,-0.5,82,4.077
287400,12.856665261447,100.973133273062,2.624672,2.952756,253.4,-0.5,82,4.077
287500,12.8566653042303,100.973133470807,2.624672,2.952756,253.4,-0.5,82,4.077
287600,12.8566653346578,100.97313360554,2.624672,2.952756,253.3,-0.4,82,4.077
287700,12.8566653601519,100.97313372051,2.624672,2.952756,253.2,-0.4,82,4.077
287800,12.8566653805148,100.973133761953,2.624672,2.952756,253.2,-0.4,82,4.077
287900,12.8566653735915,100.973133816951,2.624672,2.952756,253.2,-0.2,82,4.077
288000,12.8566653715738,100.973133836241,2.624672,2.952756,253.3,-0.3,82,4.063
288100,12.8566653410682,100.973133835536,2.624672,2.952756,253.3,-0.3,82,4.063
288200,12.8566653143739,100.973133830057,2.624672,2.624672,253.2,-0.2,82,4.063
288300,12.856665194601,100.973133756747,2.296588,2.624672,253.2,-0.2,82,4.063
288400,12.8566652083003,100.973133778065,2.296588,2.624672,253.3,-0.4,82,4.063
288500,12.8566652289433,100.973133799189,2.296588,2.624672,253.3,-0.5,82,4.063
288600,12.8566652512074,100.973133806279,2.296588,2.624672,253.4,-0.7,82,4.063
288700,12.8566652445568,100.973133677031,2.296588,2.624672,253.4,-0.8,82,4.063
288800,12.8566652358292,100.973133476204,2.296588,2.624672,253.3,-0.7,82,4.063
288900,12.8566651859939,100.97313314049,2.296588,2.624672,253.2,-1,82,4.063
289000,12.8566650982273,100.97313277704,2.296588,2.296588,253.4,-0.6,82,4.08
289100,12.856664975774,100.973132315332,2.296588,2.296588,253.3,-0.6,82,4.08
289200,12.8566648050642,100.973131821487,2.296588,2.296588,253.2,-0.8,82,4.08
289300,12.856664626235,100.973131318063,2.296588,2.296588,253.2,-0.9,82,4.08
289400,12.8566645217369,100.973130916006,2.296588,2.296588,253.3,-1,82,4.08
289500,12.8566644093491,100.973130467514,2.296588,2.296588,253.4,-0.9,82,4.08
289600,12.8566640749228,100.973129855851,2.296588,2.296588,253.2,-0.5,82,4.08
289700,12.8566638797343,100.97312926962,2.296588,2.296588,253.2,-0.6,82,4.08
289800,12.8566637445783,100.973128755751,2.296588,2.296588,253.3,-0.6,82,4.08
289900,12.8566635921771,100.973128160679,2.296588,2.296588,253.3,-0.7,82,4.08
290000,12.8566635126081,100.97312763177,1.968504,2.296588,253.1,-0.7,82,4.071
290100,12.8566633628141,100.973127236527,1.968504,2.296588,253.2,-1.1,82,4.071
290200,12.8566631705746,100.973126740854,1.968504,2.296588,253.4,-0.9,82,4.071
290300,12.856662890295,100.973125914858,1.968504,2.296588,253.3,-0.5,82,4.071
290400,12.8566624173004,100.973124726211,1.968504,2.296588,253.3,-0.6,82,4.071
290500,12.8566619523682,100.973123376474,1.968504,2.296588,253.3,0.4,82,4.071
290600,12.8566615179955,100.973122070926,1.968504,2.296588,253.4,0.2,82,4.071
290700,12.8566612449901,100.973121259982,1.968504,2.296588,253.3,0.1,82,4.071
290800,12.8566609767007,100.973120412322,1.968504,2.296588,253.3,-0.1,82,4.071
290900,12.8566606093025,100.973119035921,1.968504,2.296588,253.3,0.1,82,4.071
291000,12.8566603527998,100.973118295329,2.296588,2.296588,253.3,0,82,4.073
291100,12.8566600677635,100.973117563999,1.968504,2.296588,253.4,0,82,4.073
291200,12.8566597784216,100.973116738654,1.968504,2.296588,253.4,-0.1,82,4.073
291300,12.8566594332028,100.973115862852,2.296588,2.296588,253.4,-0.3,82,4.073
291400,12.8566592869604,100.973115433496,2.296588,2.296588,253.3,-0.2,82,4.073
291500,12.8566591771951,100.973115139777,2.296588,2.296588,253.3,-0.2,81,4.073
291600,12.8566590936869,100.973114960477,2.296588,2.296588,253.3,-0.1,81,4.073
291700,12.8566591390961,100.973115141025,2.296588,2.296588,253.3,0,81,4.073
291800,12.8566591319342,100.973115192211,2.296588,2.296588,253.3,0.3,81,4.073
291900,12.8566591490019,100.973115303638,2.296588,2.296588,253.3,0.2,81,4.073
292000,12.8566591438137,100.973115357978,2.296588,2.296588,253.2,0,81,4.073
292100,12.8566592847588,100.97311592565,2.296588,2.296588,253.2,0,81,4.074
292200,12.8566592557887,100.973116078768,2.296588,2.296588,253.2,0.2,81,4.074
292300,12.8566592077171,100.973116176676,2.296588,2.296588,253.2,0.3,81,4.074
292400,12.8566591695512,100.973116214185,2.296588,2.296588,253.3,0.2,81,4.074
292500,12.856659099064,100.973116130328,2.296588,2.296588,253.2,0.2,81,4.074
292600,12.8566588856336,100.973115688543,2.296588,2.296588,253.3,0,81,4.074
292700,12.856658731249,100.973115052018,2.296588,2.296588,253.2,0,81,4.074
292800,12.8566584906757,100.973114226027,2.296588,2.296588,253.2,0.2,81,4.074
292900,12.8566582075886,100.973113446446,1.968504,2.296588,253.3,0.2,81,4.074
293000,12.8566579821306,100.973112686979,1.968504,2.296588,253.6,0.7,81,4.074
293100,12.8566578001878,100.973112161064,1.968504,2.296588,253.4,0.5,81,4.074
293200,12.8566576075933,100.973111564702,1.968504,2.296588,253.3,0,81,4.071
293300,12.8566574400655,100.973111042808,1.968504,2.296588,253.3,0,81,4.071
293400,12.8566572768091,100.973110273165,1.968504,2.296588,253.3,-0.2,81,4.071
293500,12.856657219058,100.973110061893,1.968504,2.296588,253.4,-0.1,81,4.071
293600,12.8566572241501,100.973110050513,1.968504,2.296588,253.3,0,81,4.071
293700,12.8566572172651,100.973109996269,1.968504,2.296588,253.3,0.1,81,4.071
293800,12.8566572904913,100.973110337066,1.64042,1.968504,253.3,0.3,81,4.071
293900,12.8566571938871,100.973110096255,1.64042,1.968504,253.3,0.1,81,4.071
294000,12.856657096726,100.973109793322,1.64042,1.968504,253.2,0.1,81,4.071
294100,12.8566569646087,100.973109366612,1.64042,1.968504,253.2,0.3,81,4.071
294200,12.8566567768687,100.973108855526,1.64042,1.968504,253.1,-0.1,81,4.07
294300,12.8566564877043,100.973108263105,1.64042,1.968504,253.1,-0.6,81,4.07
294400,12.8566564098353,100.973107905929,1.64042,1.968504,253.1,-0.6,81,4.07
294500,12.8566563593324,100.973107636137,1.64042,1.968504,253.1,-0.4,81,4.07
294600,12.8566562929277,100.973107480892,1.64042,1.968504,253.3,-0.2,81,4.07
294700,12.8566563777713,100.973107618949,1.64042,1.968504,253.1,0.4,81,4.07
294800,12.856656241122,100.973107351152,1.64042,1.968504,253.3,0.6,81,4.07
294900,12.856656051322,100.973106948756,1.64042,1.968504,253.2,0.8,81,4.07
295000,12.8566559282719,100.973106727598,1.64042,1.968504,253.3,0.7,81,4.07
295100,12.8566557225131,100.973106342166,1.64042,1.968504,253.4,0.5,81,4.07
295200,12.8566555806691,100.973106182918,1.64042,1.64042,253.4,0.9,81,4.07
295300,12.8566554360323,100.97310603284,1.64042,1.64042,253.4,1.1,81,4.074
295400,12.856655365581,100.973105922503,1.64042,1.64042,253.4,1,81,4.074
295500,12.856655274279,100.973105617593,1.64042,1.64042,253.3,0.9,81,4.074
295600,12.8566552829602,100.973105663379,1.64042,1.64042,253.3,0.6,81,4.074
295700,12.8566553004155,100.973105729648,1.64042,1.64042,253.2,0.5,81,4.074
295800,12.8566553393288,100.973105805368,1.64042,1.64042,253.3,0.1,81,4.074
295900,12.8566553781623,100.973105888641,1.64042,1.64042,253.3,0.1,81,4.074
296000,12.8566555082441,100.973106006786,1.64042,1.64042,253.4,0.1,81,4.074
296100,12.8566554991524,100.973106086368,1.64042,1.64042,253.4,0.3,81,4.074
296200,12.8566554881816,100.973106145313,1.64042,1.64042,253.4,0.5,81,4.074
296300,12.8566554831562,100.973106198731,1.64042,1.64042,253.3,0.7,81,4.073
296400,12.8566554443244,100.973106097115,1.312336,1.64042,253.3,0.6,81,4.073
296500,12.8566554430135,100.973106115735,1.312336,1.64042,253.3,0.4,81,4.073
296600,12.8566554478402,100.973106167466,1.64042,1.64042,253.2,0.3,81,4.073
296700,12.8566554596676,100.973106096096,1.64042,1.64042,253.2,0.4,81,4.073
296800,12.8566554914287,100.973105758875,1.64042,1.64042,253.3,0.5,81,4.073
296900,12.8566555068012,100.973105755738,1.64042,1.64042,253.3,0.5,81,4.073
297000,12.856655522804,100.973105784196,1.64042,1.64042,253.3,0.5,81,4.073
297100,12.8566555398847,100.973105847126,1.64042,1.64042,253.3,0.3,81,4.073
297200,12.8566555344913,100.973105935495,1.64042,1.64042,253.3,0.1,81,4.073
297300,12.8566555474358,100.973105961259,1.64042,1.64042,253.3,0,81,4.072
297400,12.8566555515509,100.973105970165,1.64042,1.64042,253.4,0,81,4.072
297500,12.8566555530214,100.97310598031,1.64042,1.64042,253.4,0.1,81,4.072
297600,12.8566555441333,100.973105979251,1.64042,1.64042,253.4,0.2,81,4.072
297700,12.8566554957767,100.973105898971,1.64042,1.64042,253.4,0.1,81,4.072
297800,12.8566554809578,100.973105895407,1.64042,1.64042,253.4,0,81,4.072
297900,12.8566554593891,100.973105891576,1.64042,1.64042,253.4,0,81,4.072
298000,12.8566554473565,100.973105903355,1.64042,1.64042,253.4,0,81,4.072
298100,12.8566555301255,100.973105977239,1.64042,1.64042,253.4,0,81,4.072
298200,12.8566555563141,100.973106025099,1.64042,1.64042,253.5,0.1,81,4.072
298300,12.8566555466297,100.973106052317,1.64042,1.64042,253.5,0.3,81,4.073
298400,12.8566555297281,100.973106068372,1.64042,1.64042,253.5,0.5,81,4.073
298500,12.8566555065342,100.973106048829,1.64042,1.64042,253.5,0.7,81,4.073
298600,12.8566554797316,100.973106074396,1.64042,1.64042,253.5,0.7,81,4.073
298700,12.8566554146183,100.973106116315,1.64042,1.64042,253.6,0.8,81,4.073
298800,12.8566553689079,100.973106135094,1.64042,1.64042,253.6,0.7,81,4.073
298900,12.8566553022833,100.973106139659,1.64042,1.64042,253.6,0.7,81,4.073
299000,12.8566553095201,100.97310612204,1.64042,1.64042,253.6,0.5,81,4.073
299100,12.8566553460168,100.973106077054,1.64042,1.64042,253.6,0.2,81,4.073
299200,12.8566553885925,100.973106068499,1.64042,1.64042,253.6,0,81,4.073
299300,12.8566554196469,100.97310608422,1.64042,1.64042,253.6,0,81,4.071
299400,12.8566555264419,100.973106080151,1.64042,1.64042,253.6,0,81,4.071
299500,12.8566555442766,100.973106076193,1.312336,1.64042,253.6,0,81,4.071
299600,12.8566555465793,100.973106068974,1.312336,1.64042,253.5,0,81,4.071
299700,12.8566555467682,100.973106061114,1.312336,1.64042,253.5,-0.1,81,4.071
299800,12.8566555182948,100.973106057897,1.312336,1.64042,253.5,-0.1,81,4.071
299900,12.8566554726218,100.973106055274,1.312336,1.64042,253.5,0,81,4.071
300000,12.8566554452933,100.973106051742,1.312336,1.64042,253.5,0,81,4.071
300100,12.8566554206794,100.973106049,1.312336,1.64042,253.5,0,81,4.071
300200,12.85665550238,100.973106070863,1.312336,1.64042,253.4,0,81,4.071
300300,12.8566555302508,100.973106068596,1.312336,1.64042,253.5,0,81,4.071
300400,12.8566554989342,100.97310602578,1.312336,1.64042,253.5,0,81,4.069
300500,12.8566554494442,100.973105972595,1.312336,1.64042,253.6,0,81,4.069
300600,12.8566553563558,100.973105873804,1.312336,1.64042,253.6,0.1,81,4.069
300700,12.8566553383517,100.973105857104,1.312336,1.64042,253.6,0,81,4.069
300800,12.8566553906981,100.973105870245,1.312336,1.64042,253.6,0.1,81,4.069
300900,12.8566554391557,100.97310588068,1.312336,1.64042,253.6,0.2,81,4.069
301000,12.8566554316844,100.97310587003,1.312336,1.64042,253.6,0.1,81,4.069
301100,12.8566554117311,100.973105949981,1.64042,1.64042,253.6,0.1,81,4.069
301200,12.8566553619951,100.973105959581,1.64042,1.64042,253.5,0.2,81,4.069
301300,12.8566553386823,100.973105952845,1.64042,1.64042,253.5,0.3,81,4.069
301400,12.856655329892,100.973105945117,1.64042,1.64042,253.5,0.4,81,4.069
301500,12.8566553500423,100.973105958219,1.312336,1.64042,253.5,0.3,81,4.069
301600,12.8566553077044,100.973105954427,1.312336,1.312336,253.5,0.3,81,4.069
301700,12.8566552574865,100.973105948628,1.312336,1.312336,253.5,0.4,81,4.069
301800,12.8566552424999,100.973105943592,0.984252,1.312336,253.5,0.3,81,4.069
301900,12.8566552133573,100.973105956176,0.984252,1.312336,253.5,0.3,81,4.069
302000,12.8566552094848,100.973105921057,0.984252,0.984252,253.6,0.3,81,4.069
302100,12.8566552213252,100.973105857025,0.984252,0.984252,253.6,0.3,81,4.069
302200,12.856655235807,100.97310581239,0.656168,0.656168,253.6,0.3,81,4.069
302300,12.856655318304,100.973105729895,0.656168,0.656168,253.6,0.2,81,4.069
302400,12.8566553271936,100.973105726507,0.328084,0.656168,253.6,0.3,81,4.073
302500,12.8566553334322,100.973105717456,0.328084,0.656168,253.6,0.2,81,4.073
302600,12.8566553252493,100.973105700022,0.328084,0.656168,253.5,0,81,4.073
302700,12.8566552376211,100.973105740615,0,0.328084,253.5,0.1,81,4.073
302800,12.8566551440214,100.973105858017,0,0.328084,253.5,0.6,81,4.073
302900,12.8566551089512,100.973105855258,0,0.328084,253.5,0.8,81,4.073
303000,12.8566551412791,100.973105806928,0,0.328084,253.6,0.4,81,4.073
303100,12.8566552209572,100.973105738207,-0.328084,0,253.6,0.5,81,4.073
303200,12.8566552696982,100.973105662645,-0.656168,0,253.6,0.1,81,4.073
303300,12.8566552608183,100.973105642426,-0.984252,0.328084,253.5,-0.4,81,4.073
303400,12.8566552780749,100.973105645137,-1.64042,0.328084,252.8,0.5,81,4.075
303500,12.8566552862953,100.973105675216,-1.64042,0.328084,253.3,0.5,81,4.075
303600,12.8566553050745,100.973105674073,-1.968504,0.328084,253.6,0.5,81,4.075
303700,12.8566552986552,100.973105661639,-2.296588,0.328084,253.6,0.4,81,4.075
303800,12.856655321683,100.97310567823,-2.296588,0.328084,253.6,0.4,81,4.075
303900,12.8566553440448,100.973105692223,-2.296588,0.328084,253.7,0.4,81,4.075
304000,12.8566553575169,100.973105735567,-2.296588,0.328084,253.7,0.3,81,4.075
304100,12.8566553377329,100.97310574391,-2.296588,0.328084,253.7,0.3,81,4.075
304200,12.8566553282342,100.973105735338,-2.296588,0.328084,253.7,0.3,81,4.075
304300,12.856655314894,100.973105717953,0,0.328084,253.7,0.4,81,4.075
